-- MySQL dump 10.13  Distrib 8.0.38, for Win64 (x86_64)
--
-- Host: j11d209.p.ssafy.io    Database: tunabank
-- ------------------------------------------------------
-- Server version	8.0.39

/*!40101 SET @OLD_CHARACTER_SET_CLIENT=@@CHARACTER_SET_CLIENT */;
/*!40101 SET @OLD_CHARACTER_SET_RESULTS=@@CHARACTER_SET_RESULTS */;
/*!40101 SET @OLD_COLLATION_CONNECTION=@@COLLATION_CONNECTION */;
/*!50503 SET NAMES utf8 */;
/*!40103 SET @OLD_TIME_ZONE=@@TIME_ZONE */;
/*!40103 SET TIME_ZONE='+00:00' */;
/*!40014 SET @OLD_UNIQUE_CHECKS=@@UNIQUE_CHECKS, UNIQUE_CHECKS=0 */;
/*!40014 SET @OLD_FOREIGN_KEY_CHECKS=@@FOREIGN_KEY_CHECKS, FOREIGN_KEY_CHECKS=0 */;
/*!40101 SET @OLD_SQL_MODE=@@SQL_MODE, SQL_MODE='NO_AUTO_VALUE_ON_ZERO' */;
/*!40111 SET @OLD_SQL_NOTES=@@SQL_NOTES, SQL_NOTES=0 */;

--
-- Table structure for table `account`
--

DROP TABLE IF EXISTS `account`;
/*!40101 SET @saved_cs_client     = @@character_set_client */;
/*!50503 SET character_set_client = utf8mb4 */;
CREATE TABLE `account` (
  `account_id` bigint NOT NULL AUTO_INCREMENT,
  `account_no` varchar(255) COLLATE utf8mb4_unicode_ci DEFAULT NULL,
  `account_password` varchar(255) COLLATE utf8mb4_unicode_ci DEFAULT NULL,
  `account_type` enum('F','G','I') COLLATE utf8mb4_unicode_ci DEFAULT NULL,
  `created_at` datetime(6) DEFAULT NULL,
  `status` varchar(255) COLLATE utf8mb4_unicode_ci DEFAULT NULL,
  `updated_at` datetime(6) DEFAULT NULL,
  `bank_id` bigint DEFAULT NULL,
  `user_id` bigint DEFAULT NULL,
  PRIMARY KEY (`account_id`),
  KEY `FKawl1lrpngb7h5ktg79odeic5w` (`bank_id`),
  KEY `FK7m8ru44m93ukyb61dfxw0apf6` (`user_id`),
  CONSTRAINT `FK7m8ru44m93ukyb61dfxw0apf6` FOREIGN KEY (`user_id`) REFERENCES `user` (`user_id`),
  CONSTRAINT `FKawl1lrpngb7h5ktg79odeic5w` FOREIGN KEY (`bank_id`) REFERENCES `bank` (`bank_id`)
) ENGINE=InnoDB AUTO_INCREMENT=124 DEFAULT CHARSET=utf8mb4 COLLATE=utf8mb4_unicode_ci;
/*!40101 SET character_set_client = @saved_cs_client */;

--
-- Dumping data for table `account`
--

LOCK TABLES `account` WRITE;
/*!40000 ALTER TABLE `account` DISABLE KEYS */;
INSERT INTO `account` VALUES (1,'001-95739462-209','$2a$10$TYmks1q3sQZGgJ72nEkQcuZJNnBj14UMvSEicu4FmxqUPj85KyMwS','I','2024-10-09 02:00:36.000000','ACTIVE','2024-10-09 02:00:36.000000',1,6),(2,'001-12840169-209','$2a$10$ytKhlTgR/BzMXSoj9lpWQeNMOfV9Cfb9ofAlieHD.52yhOK4J1bLG','I','2024-10-09 02:13:35.000000','ACTIVE','2024-10-09 02:13:35.000000',1,6),(3,'002-53158933-209','$2a$10$9Z64cP4.HRSFLZN3GAPtNOPUfbyenznb/U2xSFoGmzHMrmlsFA4Nu','G','2024-10-09 02:13:56.000000','ACTIVE','2024-10-09 02:13:56.000000',1,6),(4,'001-55504450-209','$2a$10$vV9RGSfiE5u9ZCsGQUSU6unn6XsF..uajxDu9XR/0fcFxQEjHNdgS','I','2024-10-09 02:21:13.000000','ACTIVE','2024-10-09 02:21:13.000000',1,4),(5,'001-95728553-209','$2a$10$6zDv9pvB.kSM41ItchUcdedWkKngmLejrDbku6f0Kmw2cry2EWvCC','I','2024-10-09 02:21:36.000000','ACTIVE','2024-10-09 02:21:36.000000',1,7),(6,'002-87425493-209','$2a$10$quq4hhdNgimn/A6PdLHT0u4vqh12F4O66UeVhApm9EH0pZWfBw5q6','G','2024-10-09 02:22:01.000000','ACTIVE','2024-10-09 02:22:01.000000',1,4),(7,'002-40733943-209','$2a$10$V6DturK9HO3.dAqzxrtjQep0AcQd3EMuc3ptaCN/V3CEkT/3fScOq','G','2024-10-09 02:22:11.000000','ACTIVE','2024-10-09 02:22:11.000000',1,7),(8,'002-35895956-209','$2a$10$7nsdLywsS0TeXwsxk6GzmeeW89Fpm/LbyssQk.l6OVkhYbCDdDYEe','G','2024-10-09 02:32:44.000000','ACTIVE','2024-10-09 02:32:44.000000',1,7),(9,'001-28900992-209','$2a$10$KpkIM28Q.wzkSzcVLBn0eepUet5vF0izSDZ2.AKBs5zXhJn87bdoS','I','2024-10-09 03:10:21.000000','ACTIVE','2024-10-09 03:10:21.000000',1,5),(10,'002-12746689-209','$2a$10$D76BolJOhwgosy8Cu7MdeOJa6CJDGm0TWtFa8z1fs8GuuXHm6yfPq','G','2024-10-09 03:10:51.000000','ACTIVE','2024-10-09 03:10:51.000000',1,5),(11,'002-38164455-209','$2a$10$jFfKiVBl0QKc3oKwthe.mOdUdjZq9z9gIc17EGQrpvTesIMX9wFRS','G','2024-10-09 13:34:25.000000','ACTIVE','2024-10-09 13:34:25.000000',1,4),(12,'001-64212730-209','$2a$10$4JZ1EM9.B5buEXYXNM.WgOAzCd.DnJpy6jV2Uczb8QD5//8W7g4eO','I','2024-10-09 13:58:57.000000','ACTIVE','2024-10-09 13:58:57.000000',1,8),(13,'002-73772018-209','$2a$10$BjnsACcU3KMH7T9/QV9Dl.ky3omwHIOja9RChKsFZEQgijWkz95ra','G','2024-10-09 15:02:05.000000','ACTIVE','2024-10-09 15:02:05.000000',1,7),(14,'002-15349870-209','$2a$10$zAY1gXpOxyg0rFP/Kaem8uzMVSrH3OB42yscf136xo0ioz4LcJPhC','G','2024-10-09 15:05:41.000000','ACTIVE','2024-10-09 15:05:41.000000',1,7),(15,'002-57629329-209','$2a$10$Ii8uX/5hI/Bfdc/0NAziXuRgtTQ4zUzYGxgvrnbflfWTAHbuvfTBi','G','2024-10-09 15:07:45.000000','ACTIVE','2024-10-09 15:07:45.000000',1,4),(16,'002-37489133-209','$2a$10$0uR3khTQWBIECtc3n38bg.N3xMwNanErtsM0lf37J/sKJSRtnDHMW','G','2024-10-09 16:55:26.000000','ACTIVE','2024-10-09 16:55:26.000000',1,7),(17,'001-15295992-209','$2a$10$Om6CQuBn7L.TUQs15oGf3OcxkZp2CJVTk2uD9Tk0zPBwU6.vajkLC','I','2024-10-09 16:57:47.000000','ACTIVE','2024-10-09 16:57:47.000000',1,9),(18,'001-98712056-209','$2a$10$qQ0mL8h3wbl/0cOhuPpsI.3M2egVkq9PM/97ZIp3fDZyVLBCLzyAS','I','2024-10-09 17:05:39.000000','ACTIVE','2024-10-09 17:05:39.000000',1,10),(19,'001-39930831-209','$2a$10$z3tSWiyVgO1roxA4wJy4oeES8UJjP08HRYu9ttvepgnCEt.UL/e26','I','2024-10-09 17:09:18.000000','ACTIVE','2024-10-09 17:09:18.000000',1,12),(20,'001-29139412-209','$2a$10$8txrRyr112TiLNemwQEIweB5snO0a/D3y.iYPMZGmuosHJJI7HqLq','I','2024-10-09 17:09:28.000000','ACTIVE','2024-10-09 17:09:28.000000',1,11),(21,'002-83211757-209','$2a$10$w.bic1P18I4Ht8gDR7m8gefNqXYJjlvWR9qwySAOR5NJXpgD/eeqO','G','2024-10-09 17:19:43.000000','ACTIVE','2024-10-09 17:19:43.000000',1,9),(22,'002-52166962-209','$2a$10$Q4FSNXnE4dEWH/ubC9f/Ze7Qq2J80XarDbeFWxYzw24DsiCQ2hzUe','G','2024-10-10 00:20:15.000000','ACTIVE','2024-10-10 00:20:15.000000',1,5),(23,'002-39748751-209','$2a$10$X9FdF5OG/kcNCKwctKtxouuPjJtFObqOrFarYi2SghA6xf8X7ioaG','G','2024-10-10 01:20:54.000000','ACTIVE','2024-10-10 01:20:54.000000',1,5),(24,'001-50771340-209','$2a$10$VT8x6V8g6o.jzJLs90rWJOC63MgrwjrHnSbczAyyDb6HK.8rYqbFy','I','2024-10-10 02:34:31.000000','ACTIVE','2024-10-10 02:34:31.000000',1,14),(25,'002-84500531-209','$2a$10$E7i0rUXPzg535N5gIFrQi.gIQIY9yYQPgyaD/ihPjVE7a5C20DJX.','G','2024-10-10 03:46:51.000000','ACTIVE','2024-10-10 03:46:51.000000',1,4),(26,'002-17482481-209','$2a$10$OUaWW7oeqZpTh7yNDrej2uk7xlS7rMMH9UbCDl5seGmijtYhLsZsK','G','2024-10-10 05:00:14.000000','ACTIVE','2024-10-10 05:00:14.000000',1,5),(27,'002-08314162-209','$2a$10$pQIf3GjzzcPGbWvOYZ7kpOkOH48g2mO9AtEELaoDvyBXMx0NekzWu','G','2024-10-10 05:04:53.000000','ACTIVE','2024-10-10 05:04:53.000000',1,5),(28,'002-81677838-209','$2a$10$gs8tL7QumB8lJ.SAeVHdBOvJqzOUB28BY5RqKzBQUJdHWd..VvyG6','G','2024-10-10 06:07:08.000000','ACTIVE','2024-10-10 06:07:08.000000',1,5),(29,'002-13188664-209','$2a$10$YEm1GPJHExeQ664rG1i36efTV7JGQs5QVGm8Dr3dQGq5L8OI/lPou','G','2024-10-10 07:12:59.000000','ACTIVE','2024-10-10 07:12:59.000000',1,5),(30,'002-72556628-209','$2a$10$waHrHJVQKvK5jaS3N.5s6uRW2Fun3c3jshJbQPtg4citL96hIN7l2','G','2024-10-10 07:15:45.000000','ACTIVE','2024-10-10 07:15:45.000000',1,5),(31,'002-41654456-209','$2a$10$d8VM8alMDt1rHNgNa3Lbhe0RE7Wpj3Zc1HwbB72h17YeVaQJG/Bz6','G','2024-10-10 07:18:21.000000','ACTIVE','2024-10-10 07:18:21.000000',1,5),(32,'002-23133017-209','$2a$10$SXOUprouRbxqIOOT5Bw3WeI2dh9OrYFxq5rliB/WfKi0N4KJ9kOwa','G','2024-10-10 07:21:01.000000','ACTIVE','2024-10-10 07:21:01.000000',1,5),(33,'002-18138986-209','$2a$10$Jthj97ER.IZF/4xCMuZvLOt4UHJRc/tghN6JJMsgQrQSHGgZQTw8m','G','2024-10-10 07:25:31.000000','ACTIVE','2024-10-10 07:25:31.000000',1,5),(34,'002-89082251-209','$2a$10$OW7EVzn9SEZymQo/0hWBseSnQrXwV.rNDXPcZ1q9F8YuMvgQDrhSa','G','2024-10-10 07:53:45.000000','ACTIVE','2024-10-10 07:53:45.000000',1,5),(35,'002-20855144-209','$2a$10$tf8xGZjgic5TwnRsZY0m3eOWY9jX.48ESzDVApjBJfeWNNgTaMQOa','G','2024-10-10 07:57:02.000000','ACTIVE','2024-10-10 07:57:02.000000',1,5),(36,'002-32710670-209','$2a$10$fcJFhLB1u071GuJZfOsp0.VdXuS/AGOlZeh8Jq0SXfv54BwdnzJVi','G','2024-10-10 09:55:23.000000','ACTIVE','2024-10-10 09:55:23.000000',1,8),(37,'002-05311483-209','$2a$10$RG1QGxEXrWrb9Fre0aM7Se1w2oI8eLvGb5GQKQu7hHqqDZBUBHXXG','G','2024-10-10 13:17:46.000000','ACTIVE','2024-10-10 13:17:46.000000',1,5),(38,'002-50935190-209','$2a$10$nra4S3d6OgwzxDctKFKe9utHp1lsU6/ubxtVGdZCgKJa/3CcAqFMO','G','2024-10-10 13:21:22.000000','ACTIVE','2024-10-10 13:21:22.000000',1,5),(39,'002-60020863-209','$2a$10$f8Wpdss8DTpCh4UHwlqyD.cxp7m.GE01Xw27q9NSUCGOPwOn3RybK','G','2024-10-10 13:24:43.000000','ACTIVE','2024-10-10 13:24:43.000000',1,5),(40,'002-34002904-209','$2a$10$jabkEBjr7uBqCC7BfmU6y.zaUG2NdzM/MdqOKvz4KrMvXwRFlPByi','G','2024-10-10 13:24:49.000000','ACTIVE','2024-10-10 13:24:49.000000',1,5),(41,'002-81709171-209','$2a$10$HSWuUAgoYg7NYCHXLQ3WrODNmcwqojB6bNawWf1njHkEhr.ft.0iC','G','2024-10-10 13:29:04.000000','ACTIVE','2024-10-10 13:29:04.000000',1,4),(42,'002-63619622-209','$2a$10$Ox7nfdI6/DXGvnuNw8r8nebUFBj.TKvaSuWN4wmsd/isrqPTUQGK6','G','2024-10-10 13:30:04.000000','ACTIVE','2024-10-10 13:30:04.000000',1,4),(43,'001-21942327-209','$2a$10$uA99dt3ZS0UqzfImcIY8KO4MbR3QTJCPjUVHAyf9T.mNNPUaculei','I','2024-10-10 13:32:57.000000','ACTIVE','2024-10-10 13:32:57.000000',1,15),(44,'002-62862600-209','$2a$10$MU.T.y9yRNbsi.bnMgyO3eJ/3GXVJoShX8996AFiAHEUJJUKlWVFq','G','2024-10-10 13:38:01.000000','ACTIVE','2024-10-10 13:38:01.000000',1,5),(45,'002-35555653-209','$2a$10$l2nxAqA/dWdc4tsaa3BXcOCTWtpb61BMIU4.25Rlkr/bLQ.VqLUYa','G','2024-10-10 13:40:11.000000','ACTIVE','2024-10-10 13:40:11.000000',1,15),(46,'002-21216636-209','$2a$10$kjJxzE9lZKj.VbhjKBI2Ju7Oob9JTyR69lyLzCVOkdwhRWliHjhgu','G','2024-10-10 13:51:00.000000','ACTIVE','2024-10-10 13:51:00.000000',1,5),(47,'002-79853696-209','$2a$10$mmXEEgdKtOr6Ad6DAp3EGeJN7FFKAbdrF8b9dCNgcPTvXkttDXVsO','G','2024-10-10 14:01:17.000000','ACTIVE','2024-10-10 14:01:17.000000',1,5),(48,'002-44594471-209','$2a$10$2AOsKnngTegRj8lcIQi.L.e5LPiMB6nw8uIhVJL9GalrcuYUEaJ0G','G','2024-10-10 14:05:13.000000','ACTIVE','2024-10-10 14:05:13.000000',1,5),(49,'002-93832880-209','$2a$10$PKCC/ldgHpDHrvuyFa63SepTsR11kZVnKKYiaMroWDboeRaB8topS','G','2024-10-10 14:08:51.000000','ACTIVE','2024-10-10 14:08:51.000000',1,5),(50,'002-38395287-209','$2a$10$7HlN5I717AiQmTkXYh8vhu/4tOL5jxdY8VrVFkF8B5Vo4..RgzAfm','G','2024-10-10 14:09:42.000000','ACTIVE','2024-10-10 14:09:42.000000',1,5),(51,'002-70559326-209','$2a$10$iPU/Ent0gFL2Z8oui7Gs2uR9.FIm0ysu2E0tYv5yzA9EZKwG6uCUy','G','2024-10-10 14:12:41.000000','ACTIVE','2024-10-10 14:12:41.000000',1,5),(52,'002-70444469-209','$2a$10$0r7EOaki2VdgYEwdbv17g.ZSL96EcZHv6CIKDNbfQLMBhpvCcIRbO','G','2024-10-10 14:13:29.000000','ACTIVE','2024-10-10 14:13:29.000000',1,15),(53,'002-10514861-209','$2a$10$KGj9xS9TgDSZYIOuQRcA4.OTIZayFLWT74yDkk1Th62xNH0/asIl6','G','2024-10-10 14:14:23.000000','ACTIVE','2024-10-10 14:14:23.000000',1,5),(54,'002-86783491-209','$2a$10$4563XjJv.D8.d16jWFMQyucGhoLH2j7ic1IndZuVtZgqDIeNnMd2W','G','2024-10-10 14:15:14.000000','ACTIVE','2024-10-10 14:15:14.000000',1,5),(55,'002-66728320-209','$2a$10$fFKj97.43wLb2Ny.fKJkd.DFVM22D8gzajNaZITmlV/dHTZhWPCRK','G','2024-10-10 14:27:31.000000','ACTIVE','2024-10-10 14:27:31.000000',1,5),(56,'002-56288822-209','$2a$10$s7IqkOhD.picKbDxiC1oU.CfusKo5LJSmyh9zgsxT6LXqzVzne./y','G','2024-10-10 14:29:14.000000','ACTIVE','2024-10-10 14:29:14.000000',1,5),(57,'002-16664642-209','$2a$10$aX9sWFFQGxYLkh48ByGHZuRcjrS1qxBE56W0XsQKKobmm0V99gqtu','G','2024-10-10 14:32:22.000000','ACTIVE','2024-10-10 14:32:22.000000',1,5),(58,'002-97359704-209','$2a$10$1lWY5yNRfBPXSopIvX3AzuoAOmXmkf4HUh9qdfCuWxeyWQ0bjGD26','G','2024-10-10 14:39:26.000000','ACTIVE','2024-10-10 14:39:26.000000',1,5),(59,'002-94299866-209','$2a$10$/j0YqEJgqhBuXuzZ1AOoAev3aTXfHvjfk8Mr0p8pfCKWfeMg8s4W6','G','2024-10-10 14:42:35.000000','ACTIVE','2024-10-10 14:42:35.000000',1,5),(60,'002-21599535-209','$2a$10$6Mn6T4sEs0CZQ4eddn2KfOZT5KNpgR6zrk6enRXZ6He3ae2QDnXOm','G','2024-10-10 14:55:02.000000','ACTIVE','2024-10-10 14:55:02.000000',1,4),(61,'002-07019448-209','$2a$10$VhXMyuuIfM.qGXBFW4IVIe6P3BmNUV4VPQHa5nY98ZyOlb2sbRrGy','G','2024-10-10 14:56:23.000000','ACTIVE','2024-10-10 14:56:23.000000',1,5),(62,'002-03514205-209','$2a$10$KBJOnIL0JPGwjWXoa5xMF./nF4Wu05wccCXLodFn4XoaTTPoCR/aa','G','2024-10-10 14:57:25.000000','ACTIVE','2024-10-10 14:57:25.000000',1,5),(63,'002-34711835-209','$2a$10$gd6fxQ1ioAGuZPLO98pXeuDof0FP2miv42CO2gH/EtxbQ5oe5IaLm','G','2024-10-10 14:58:58.000000','ACTIVE','2024-10-10 14:58:58.000000',1,5),(64,'002-22563642-209','$2a$10$vwT0X5hQJ6MuKDeCA/x8JudAkJdiNsn4ltRMC/CXUvj5XMcA5tvEq','G','2024-10-10 15:01:08.000000','ACTIVE','2024-10-10 15:01:08.000000',1,5),(65,'002-46770490-209','$2a$10$ijA1vgdhujKrcHN8iuACKusRbTm7lOfHONmOoJ8iuSfG.eYIfDZSi','G','2024-10-10 15:02:29.000000','ACTIVE','2024-10-10 15:02:29.000000',1,5),(66,'002-03042527-209','$2a$10$mVRrPtBjqWL/GlF9BgOkBeMu4uOrPtq.KCsdCZ5fUPqm3692UioVW','G','2024-10-10 15:03:18.000000','ACTIVE','2024-10-10 15:03:18.000000',1,5),(67,'002-81059863-209','$2a$10$8w4ttV.Fdvb.WYMTZi29WuE/7SK3EaZdGeSEZsJf1J9rFENDOPr4m','G','2024-10-10 15:26:41.000000','ACTIVE','2024-10-10 15:26:41.000000',1,8),(68,'001-09659879-209','$2a$10$QbcpibRLvLstHABivcN/H.SpVFL5b5ZDu99I.ae7/k/aMNJXFuCbW','I','2024-10-10 15:28:07.000000','ACTIVE','2024-10-10 15:28:07.000000',1,17),(69,'002-56951267-209','$2a$10$5Xd/51CQpHCcyO/r0kUNge6zFkwtzyEpvKoZ1Y.FTxY0treSP.UYC','G','2024-10-10 15:38:03.000000','ACTIVE','2024-10-10 15:38:03.000000',1,4),(70,'001-11571503-209','$2a$10$z22rzNlUmSN2ahhbjYjSi.g6nPgwPsBJ33xipLcQWkqy340BSNHiS','I','2024-10-10 16:00:30.000000','ACTIVE','2024-10-10 16:00:30.000000',1,19),(71,'002-62313375-209','$2a$10$ArEaCgUVgMxSi3HlfSo3yu3sjDCm.welt8n2LotNMGIS6ru7KczCa','G','2024-10-10 16:01:06.000000','ACTIVE','2024-10-10 16:01:06.000000',1,19),(72,'001-57046585-209','$2a$10$agn8BMjeAnNqfbaE7S2d1OKkyYdJCJzKz6VkFmM/ZbjSkZ1NWwdIW','I','2024-10-10 16:05:55.000000','ACTIVE','2024-10-10 16:05:55.000000',1,20),(73,'002-77179875-209','$2a$10$GCxUIIkXGxyHxSRuLHxvA.o3JgTWGTmn1nOojV1Qzs7G.2YG4w1Uu','G','2024-10-10 16:19:04.000000','ACTIVE','2024-10-10 16:19:04.000000',1,20),(74,'002-64781908-209','$2a$10$zAnWSfXmsFdGtLDZVK1l2O2lAFVygGloZ1kVXXHhMEV4jrJveklmO','G','2024-10-10 16:21:33.000000','ACTIVE','2024-10-10 16:21:33.000000',1,4),(75,'002-10359609-209','$2a$10$2vYQgs/cwTvvMv6ffFJjBemsJIhtq1GcrJmqH0R3v.i.oae0Oexhm','G','2024-10-10 16:34:35.000000','ACTIVE','2024-10-10 16:34:35.000000',1,5),(76,'002-28791108-209','$2a$10$3IvNufNYCkzPUyBIgMEAF.4UV3CI2uwmbHjl.sHfKr1.oYR.w/AdG','G','2024-10-10 16:37:50.000000','ACTIVE','2024-10-10 16:37:50.000000',1,5),(77,'002-10458360-209','$2a$10$NJiw9kxRaMHouwAT.LjTZOXN47jQb.b.36qGzwtkEa7YmMlqX9AxK','G','2024-10-10 16:44:13.000000','ACTIVE','2024-10-10 16:44:13.000000',1,5),(78,'002-14781565-209','$2a$10$WTMyhOwj83Ol.gJ5XbkqN.oWH3US170Au5/CB7bq5gerCIdpQ9dq6','G','2024-10-10 17:40:09.000000','ACTIVE','2024-10-10 17:40:09.000000',1,4),(79,'001-00591851-209','$2a$10$sHxLj2hs.kEcsVfKOuKzJO41mNjhIkcZFpXrKLPwqwCBqeeuEZ2I6','I','2024-10-10 17:49:54.000000','ACTIVE','2024-10-10 17:49:54.000000',1,21),(80,'002-02856784-209','$2a$10$GTGEMB8daxPSaQ5ujXMtg.yWytuuu62pnS5BXB0Vs.oGeeWcaqftW','G','2024-10-10 17:52:49.000000','ACTIVE','2024-10-10 17:52:49.000000',1,21),(81,'002-15940908-209','$2a$10$PitMg2L6viPe3.Uy7iWqpeBMR9H5epX6WDxCIkBQpk.UnfZhhHxny','G','2024-10-10 20:15:49.000000','ACTIVE','2024-10-10 20:15:49.000000',1,5),(82,'002-93656115-209','$2a$10$ZdnCyZQHSb.jnyyHRJ8vDOo6K1ChrBcmx5383ssHrE9W6Jq3.yHR2','G','2024-10-10 20:23:52.000000','ACTIVE','2024-10-10 20:23:52.000000',1,4),(83,'002-18097592-209','$2a$10$iFzqCg/PEQVi/5EEdQoq9.y1baWBpSqxVyLHJl4.fbxk4BWLiRgA2','G','2024-10-10 20:58:57.000000','ACTIVE','2024-10-10 20:58:57.000000',1,4),(84,'002-94160808-209','$2a$10$EqdW6pBx.Cu8nTVe9QlT7OujIjaJLwgikZaOrpY2XuPEcMY31Ks16','G','2024-10-10 21:55:56.000000','ACTIVE','2024-10-10 21:55:56.000000',1,5),(85,'002-22334828-209','$2a$10$8.ROfqO2usAexX7vs3AhZuRuJKBbChEhSqaADkkX4CUp1e43gVwUa','G','2024-10-10 22:27:40.000000','ACTIVE','2024-10-10 22:27:40.000000',1,5),(86,'002-88173119-209','$2a$10$E7b29ZBwTzndSwb17nE6uOyJ7GpSTqds8KqIRDIfFRojIUze.Amfe','G','2024-10-10 22:31:56.000000','ACTIVE','2024-10-10 22:31:56.000000',1,19),(87,'002-12369060-209','$2a$10$72xUI0sYN3QUP17ZtGD1E.mZxnkjHTCHCT/.pqwAPF7rSTx.9zAuu','G','2024-10-10 22:46:39.000000','ACTIVE','2024-10-10 22:46:39.000000',1,5),(88,'002-44123275-209','$2a$10$ocRVVM5XBslkzMRROnEqIugoU0vrB77oIVx3cEVkW8t1AaWbdCV9.','G','2024-10-10 22:54:30.000000','ACTIVE','2024-10-10 22:54:30.000000',1,5),(89,'001-57235229-209','$2a$10$1jJ9oJSFdw2/Fgy5P1jr5.bd.JjvkyPHC5kSmd8i/LoLhmJKFVgzu','I','2024-10-10 23:01:27.000000','ACTIVE','2024-10-10 23:01:27.000000',1,22),(90,'002-96485437-209','$2a$10$aAUuQof0kMY.lNoszSANS.HoKxLCa7ozUrCYjve65GyZBjbuohZEe','G','2024-10-10 23:02:27.000000','ACTIVE','2024-10-10 23:02:27.000000',1,22),(91,'002-30923775-209','$2a$10$QLweATCM13NSnd/rjWWRgOQPShGdRo1AV9B8M2eJcMQD97R13m79q','G','2024-10-10 23:08:52.000000','ACTIVE','2024-10-10 23:08:52.000000',1,5),(92,'002-98022237-209','$2a$10$CZOMS/EIrbbWtnbxQQPZB.u9hrWIwbTT4lkdSPX1s1HMoEh7KV9h2','G','2024-10-10 23:51:43.000000','ACTIVE','2024-10-10 23:51:43.000000',1,17),(93,'002-74215306-209','$2a$10$OlGq8DEb7sL46pGAmIPaHeNaRoTpXzRlcOXHn3wC.1nGgXa49Y53C','G','2024-10-11 00:02:30.000000','ACTIVE','2024-10-11 00:02:30.000000',1,17),(94,'002-87718346-209','$2a$10$aYk3o12UY3z1oi5IBdym8Ovw9g4Dhqgw5yD.Dx0ffZ/xJkdSWufmK','G','2024-10-11 00:04:51.000000','ACTIVE','2024-10-11 00:04:51.000000',1,17),(95,'002-02406100-209','$2a$10$BZdv5KsvbixiEYHoJXTcFeoTpjxkSuQOrEM1NEgj0ly2nrE7Q2e7u','G','2024-10-11 00:16:27.000000','ACTIVE','2024-10-11 00:16:27.000000',1,6),(96,'002-67350877-209','$2a$10$a5A2Jx5PX0ia5SC03/7e8.cdSgoXsKX1.lCJWWF/Sa8EqZzSmVt7O','G','2024-10-11 00:18:15.000000','ACTIVE','2024-10-11 00:18:15.000000',1,6),(97,'002-26579182-209','$2a$10$GWPhmufw/DhMbLBiyxwqAOz/rbsdZd8DqPZNL5pBDhoY848ynFGUm','G','2024-10-11 01:03:41.000000','ACTIVE','2024-10-11 01:03:41.000000',1,19),(98,'001-01455925-209','$2a$10$2w23fCuOw9n3tK.bL0kIMuilHHAKLELLlazAx1TePxbPlWrgR57Cm','I','2024-10-11 01:12:17.000000','ACTIVE','2024-10-11 01:12:17.000000',1,23),(99,'002-75381098-209','$2a$10$3nmau.7t4wrro5bLm4BXf.lJU86Kn9yPD4hxTA49ezWL4p3bDaYGS','G','2024-10-11 01:13:07.000000','ACTIVE','2024-10-11 01:13:07.000000',1,23),(100,'002-09303421-209','$2a$10$dw0j7SjlLBgslqvj/tmaMeGPb2A.2FRYIAq.bGEYAVA3HUZF3a.2K','G','2024-10-11 01:33:39.000000','ACTIVE','2024-10-11 01:33:39.000000',1,7),(101,'002-33822664-209','$2a$10$Poj7.ieDZ.ioURX7VJzKbO9AkzINMDMMUpSNt0H5IRMgOYX3bGWR2','G','2024-10-11 01:37:35.000000','ACTIVE','2024-10-11 01:37:35.000000',1,7),(102,'002-45858709-209','$2a$10$3aoF5xN.ls8CTwz9b6Anb.qPqVwTTd2../YWJmrjNQGSAFH4TYuV.','G','2024-10-11 02:43:12.000000','ACTIVE','2024-10-11 02:43:12.000000',1,4),(103,'002-57016632-209','$2a$10$B58bFb24s7C/9JEYa1UghOceovYKvdJT8Uarn4HNllJwsgklvqY1S','G','2024-10-11 02:43:55.000000','ACTIVE','2024-10-11 02:43:55.000000',1,4),(104,'002-95410901-209','$2a$10$bVyl1qCi9EpY.fW9SGxt5O5MiiRiasIoShtVqZ.z3mS5tXQl4mnYG','G','2024-10-11 02:45:31.000000','ACTIVE','2024-10-11 02:45:31.000000',1,4),(105,'002-08407552-209','$2a$10$EzXCmT/ZOw9cYXtWR/1lUu1xOBwRGGq4OSo0ozAh3tKU2hFKKA7Um','G','2024-10-11 02:52:14.000000','ACTIVE','2024-10-11 02:52:14.000000',1,4),(106,'002-24425414-209','$2a$10$Db8rtCzFnB6S6HekvMLYjulxJnZ9jLNzIsKQgKtysrwRHH2T1Ay0G','G','2024-10-11 03:06:05.000000','ACTIVE','2024-10-11 03:06:05.000000',1,4),(107,'001-38188912-209','$2a$10$E83PibIterUQ0KmNkifCcugK/pOXuOCF5lv22F3itkTtudw1Mux5q','I','2024-10-11 03:08:31.000000','ACTIVE','2024-10-11 03:08:31.000000',1,24),(108,'002-53009970-209','$2a$10$7HHFRN.0QafncEIExA9wqO4mU540EZZ8lIE3otHtrvU2r8Wj0.ym6','G','2024-10-11 03:09:40.000000','ACTIVE','2024-10-11 03:09:40.000000',1,24),(109,'002-44404738-209','$2a$10$.YIdd3oct7lm35J.1J9MWe0zJidEU/Z6LgMk63nyilWKK/O1MUcNC','G','2024-10-11 03:09:57.000000','ACTIVE','2024-10-11 03:09:57.000000',1,19),(110,'002-43580335-209','$2a$10$tgtUql/yN9oivhu0eSJuGO/xJeRP9JqLOxB8EVttvJqne0IvRHHGi','G','2024-10-11 03:11:55.000000','ACTIVE','2024-10-11 03:11:55.000000',1,24),(111,'002-06666339-209','$2a$10$nJPF5hJzIn2VWjPTmu2.bezjZAbGQib1BURR/hO6PsX3VSv5cP3ZC','G','2024-10-11 03:43:50.000000','ACTIVE','2024-10-11 03:43:50.000000',1,6),(112,'001-29510796-209','$2a$10$53Pv.i2kVAMZh2i8vj9Zee52EjpsUVEJArkG1ZaO4Ugj5CmUOYBqe','I','2024-10-11 04:00:23.000000','ACTIVE','2024-10-11 04:00:23.000000',1,26),(113,'001-51316064-209','$2a$10$TbcZFholQ0rs6UKkqEyJ0O7sed.I0cHIqYVNk41bQyhoSgAKg4K.u','I','2024-10-11 04:00:38.000000','ACTIVE','2024-10-11 04:00:38.000000',1,25),(114,'001-20472050-209','$2a$10$iRJyGCtjMZc40l84OgnqU.YxWNLMiJY9vjzD2UBRMQZeP9l291Nre','I','2024-10-11 04:01:09.000000','ACTIVE','2024-10-11 04:01:09.000000',1,27),(115,'001-37702010-209','$2a$10$jiA9Vdo1NJOLkaBRAsDOxuwwjp1XVKnvsW1aFxXQmoLj54GWT2I3G','I','2024-10-11 04:01:39.000000','ACTIVE','2024-10-11 04:01:39.000000',1,28),(116,'002-21728511-209','$2a$10$MSm5wrb3g52oT3ouGok5m.NIx03MmTK4jT5USwbvPt9MZ04GdqxLO','G','2024-10-11 04:02:32.000000','ACTIVE','2024-10-11 04:02:32.000000',1,28),(117,'001-61682899-209','$2a$10$inebvbRe6jek8x9pI8S0DOQAvgH4tqH9ebTwfML39jWq/ZVgwlReC','I','2024-10-11 04:22:47.000000','ACTIVE','2024-10-11 04:22:47.000000',1,29),(118,'001-93246409-209','$2a$10$sKETpkM97mRpXqFhWBrljuJ0zgkM8I6kiHWIXXUliJlo9ULUW0V0K','I','2024-10-11 04:24:40.000000','ACTIVE','2024-10-11 04:24:40.000000',1,30),(119,'001-27160711-209','$2a$10$lWaCRkvDBcVeJT9WPLz1OOQFWi2iXGWepQ/R.MslysVItVxRn3bx6','I','2024-10-11 04:27:02.000000','ACTIVE','2024-10-11 04:27:02.000000',1,31),(120,'002-49737058-209','$2a$10$tZfwaKhNP2lUdngY68UzE.Fz.YVfkubvjXbIyNxUZC7ummLwNu4vG','G','2024-10-11 04:28:24.000000','ACTIVE','2024-10-11 04:28:24.000000',1,31),(121,'001-31420461-209','$2a$10$X9faJcQ3Sh6pBdmPCM4OmuNXzc2fv88OTYVW7khXCHF9kPCWRsi7i','I','2024-10-11 04:31:59.000000','ACTIVE','2024-10-11 04:31:59.000000',1,32),(122,'002-53087699-209','$2a$10$Dnivb6gn8vFkYU72d8DQHunD5BoQJ7hU8O35Ldos.L0/oz1P3G7De','G','2024-10-11 04:33:18.000000','ACTIVE','2024-10-11 04:33:18.000000',1,32),(123,'001-35362845-209','$2a$10$w81o1KeXmK05VkTsrvKT7emIoiaVbumKYfxIwlLMJub4vZKUnKYD6','I','2024-10-11 04:53:54.000000','ACTIVE','2024-10-11 04:53:54.000000',1,33);
/*!40000 ALTER TABLE `account` ENABLE KEYS */;
UNLOCK TABLES;

--
-- Table structure for table `api_key`
--

DROP TABLE IF EXISTS `api_key`;
/*!40101 SET @saved_cs_client     = @@character_set_client */;
/*!50503 SET character_set_client = utf8mb4 */;
CREATE TABLE `api_key` (
  `id` bigint NOT NULL AUTO_INCREMENT,
  `create_at` datetime(6) DEFAULT NULL,
  `expire_at` datetime(6) DEFAULT NULL,
  `status` enum('ACTIVE','INACTIVE') COLLATE utf8mb4_unicode_ci DEFAULT NULL,
  `type` enum('API','USER') COLLATE utf8mb4_unicode_ci DEFAULT NULL,
  `value` varchar(255) COLLATE utf8mb4_unicode_ci DEFAULT NULL,
  `user_id` bigint DEFAULT NULL,
  PRIMARY KEY (`id`),
  KEY `FK4x6ox7hv8xjgblj82t48yt5y0` (`user_id`),
  CONSTRAINT `FK4x6ox7hv8xjgblj82t48yt5y0` FOREIGN KEY (`user_id`) REFERENCES `user` (`user_id`)
) ENGINE=InnoDB AUTO_INCREMENT=33 DEFAULT CHARSET=utf8mb4 COLLATE=utf8mb4_unicode_ci;
/*!40101 SET character_set_client = @saved_cs_client */;

--
-- Dumping data for table `api_key`
--

LOCK TABLES `api_key` WRITE;
/*!40000 ALTER TABLE `api_key` DISABLE KEYS */;
INSERT INTO `api_key` VALUES (1,'2024-09-18 22:06:16.282217','2025-09-18 22:06:16.282217','ACTIVE','API','HUo52t-HWD_BYTDPMtnloxnppmSoRrBfduY6XYjnyC2-a84p9xxJwB_RKinE6WvQ',1),(2,'2024-10-09 01:58:06.802028','2025-10-09 01:58:06.802032','ACTIVE','USER','c833f52f-2d9a-4e58-ad78-770a296133a4',4),(3,'2024-10-09 01:58:46.685842','2025-10-09 01:58:46.685845','ACTIVE','USER','9343df8e-6d8b-48d2-ae5a-3ef17d889745',5),(4,'2024-10-09 02:00:14.513543','2025-10-09 02:00:14.513546','ACTIVE','USER','d71e7465-06fe-4acd-9429-79f7bc808a21',6),(5,'2024-10-09 02:20:26.722372','2025-10-09 02:20:26.722374','ACTIVE','USER','df5b9ad8-5aee-4df7-9072-811d841caefa',7),(6,'2024-10-09 03:05:32.070562','2025-10-09 03:05:32.070565','ACTIVE','USER','e542dd06-8607-4812-b655-6d56582704e5',8),(7,'2024-10-09 16:57:27.036912','2025-10-09 16:57:27.036913','ACTIVE','USER','18eec537-b6a9-45d4-8581-e5a8b119f0dc',9),(8,'2024-10-09 17:04:03.623566','2025-10-09 17:04:03.623567','ACTIVE','USER','b7a060da-61e3-4b6a-ba23-be0b0d96c68a',10),(9,'2024-10-09 17:08:20.455669','2025-10-09 17:08:20.455670','ACTIVE','USER','f01e8563-8cf9-48fa-bbdc-23591ba14f52',11),(10,'2024-10-09 17:08:28.923679','2025-10-09 17:08:28.923680','ACTIVE','USER','f0288f4a-99ff-4d58-9e75-067f5afeac9f',12),(11,'2024-10-09 17:09:27.160745','2025-10-09 17:09:27.160745','ACTIVE','USER','ae18cd38-d6b2-4337-b84d-ad305e160a9e',13),(12,'2024-10-10 01:12:15.773197','2025-10-10 01:12:15.773198','ACTIVE','USER','4aa675f2-3ad6-4d74-b8a9-0032bfb3713e',14),(13,'2024-10-10 13:03:51.217466','2025-10-10 13:03:51.217467','ACTIVE','USER','8e08f5dd-a5ab-49e5-ad17-352bf031f66f',15),(14,'2024-10-10 13:20:30.667251','2025-10-10 13:20:30.667252','ACTIVE','USER','d4bd7935-bb17-4369-8e0e-69edaa2b8d75',16),(15,'2024-10-10 15:20:05.916697','2025-10-10 15:20:05.916698','ACTIVE','USER','0267d2cb-925b-4e5d-a120-09ff965338e4',17),(16,'2024-10-10 15:27:34.788717','2025-10-10 15:27:34.788718','ACTIVE','USER','5bfa8fa3-1233-4899-ae0d-796294a7f27a',18),(17,'2024-10-10 15:59:39.397020','2025-10-10 15:59:39.397020','ACTIVE','USER','d033c09f-eddd-4edf-a109-ad4bce6c9ea9',19),(18,'2024-10-10 16:03:08.780955','2025-10-10 16:03:08.780956','ACTIVE','USER','b26705f6-4cd0-4b40-b275-ae72e6bf321c',20),(19,'2024-10-10 17:48:03.825120','2025-10-10 17:48:03.825122','ACTIVE','USER','21e16881-ea9e-4324-8197-662247c4dcce',21),(20,'2024-10-10 23:00:29.198790','2025-10-10 23:00:29.198790','ACTIVE','USER','f2d985f2-de18-40c9-a22d-c90a5ff23b10',22),(21,'2024-10-11 01:10:02.844018','2025-10-11 01:10:02.844019','ACTIVE','USER','d6818624-b3b8-42c9-a6c7-8e5f33d1b1fe',23),(22,'2024-10-11 03:07:47.091496','2025-10-11 03:07:47.091497','ACTIVE','USER','16234562-b1a2-4238-9c85-7966ddfaa49f',24),(23,'2024-10-11 03:59:16.784608','2025-10-11 03:59:16.784609','ACTIVE','USER','94611e37-adb0-48db-aaec-5fe614f9dd3c',25),(24,'2024-10-11 03:59:54.767640','2025-10-11 03:59:54.767641','ACTIVE','USER','6fe1143a-216a-4021-b529-867588e8311d',26),(25,'2024-10-11 04:00:17.200116','2025-10-11 04:00:17.200117','ACTIVE','USER','6c70f9de-ea7b-4b1d-b4c8-60fc635fb9de',27),(26,'2024-10-11 04:00:35.830287','2025-10-11 04:00:35.830288','ACTIVE','USER','167ece43-f143-40f0-b8ac-3341d8c56946',28),(27,'2024-10-11 04:22:11.876232','2025-10-11 04:22:11.876232','ACTIVE','USER','bd13eb49-71eb-472e-a7cb-724ced90d23c',29),(28,'2024-10-11 04:23:39.893826','2025-10-11 04:23:39.893827','ACTIVE','USER','cf12a366-fd4e-4182-83d9-d1296e2a1fb9',30),(29,'2024-10-11 04:23:48.961489','2025-10-11 04:23:48.961489','ACTIVE','USER','3004831d-05e9-4862-a253-5fc7e1cea1e7',31),(30,'2024-10-11 04:28:33.118010','2025-10-11 04:28:33.118011','ACTIVE','USER','f9460aeb-7c84-4675-8f48-85a33f28ddf7',32),(31,'2024-10-11 04:53:17.440250','2025-10-11 04:53:17.440250','ACTIVE','USER','6ee1191b-f6e5-4b74-811d-12f08a6912b6',33),(32,'2024-10-11 10:01:44.906206','2025-10-11 10:01:44.906207','ACTIVE','USER','a7532485-8ac4-4013-bb8e-6d808eaff4ef',34);
/*!40000 ALTER TABLE `api_key` ENABLE KEYS */;
UNLOCK TABLES;

--
-- Table structure for table `bank`
--

DROP TABLE IF EXISTS `bank`;
/*!40101 SET @saved_cs_client     = @@character_set_client */;
/*!50503 SET character_set_client = utf8mb4 */;
CREATE TABLE `bank` (
  `bank_id` bigint NOT NULL,
  `bank_name` varchar(255) COLLATE utf8mb4_unicode_ci DEFAULT NULL,
  PRIMARY KEY (`bank_id`)
) ENGINE=InnoDB DEFAULT CHARSET=utf8mb4 COLLATE=utf8mb4_unicode_ci;
/*!40101 SET character_set_client = @saved_cs_client */;

--
-- Dumping data for table `bank`
--

LOCK TABLES `bank` WRITE;
/*!40000 ALTER TABLE `bank` DISABLE KEYS */;
INSERT INTO `bank` VALUES (1,'튜나은행');
/*!40000 ALTER TABLE `bank` ENABLE KEYS */;
UNLOCK TABLES;

--
-- Table structure for table `card`
--

DROP TABLE IF EXISTS `card`;
/*!40101 SET @saved_cs_client     = @@character_set_client */;
/*!50503 SET character_set_client = utf8mb4 */;
CREATE TABLE `card` (
  `card_id` bigint NOT NULL AUTO_INCREMENT,
  `card_no` varchar(20) COLLATE utf8mb4_unicode_ci DEFAULT NULL,
  `create_at` datetime(6) DEFAULT NULL,
  `cvc` varchar(4) COLLATE utf8mb4_unicode_ci DEFAULT NULL,
  `expire_at` datetime(6) DEFAULT NULL,
  `password` varchar(255) COLLATE utf8mb4_unicode_ci DEFAULT NULL,
  `account_id` bigint DEFAULT NULL,
  `card_product_id` bigint DEFAULT NULL,
  PRIMARY KEY (`card_id`),
  KEY `FK8v67eys6tqflsm6hrdgru2phu` (`account_id`),
  KEY `FKl4rq1mg5ax7cducohv0ryf1cx` (`card_product_id`),
  CONSTRAINT `FK8v67eys6tqflsm6hrdgru2phu` FOREIGN KEY (`account_id`) REFERENCES `account` (`account_id`),
  CONSTRAINT `FKl4rq1mg5ax7cducohv0ryf1cx` FOREIGN KEY (`card_product_id`) REFERENCES `card_product` (`card_product_id`)
) ENGINE=InnoDB AUTO_INCREMENT=13 DEFAULT CHARSET=utf8mb4 COLLATE=utf8mb4_unicode_ci;
/*!40101 SET character_set_client = @saved_cs_client */;

--
-- Dumping data for table `card`
--

LOCK TABLES `card` WRITE;
/*!40000 ALTER TABLE `card` DISABLE KEYS */;
INSERT INTO `card` VALUES (1,'4000008954762816','2024-10-09 16:42:21.299233','565','2029-10-09 16:42:21.299240','$2a$10$JTAFGJp6VqvkyXgjSd/CTOCaxxmXebsx..bCnEiMiCvHUpolHhM3a',10,1),(2,'4000002536267489','2024-10-09 16:44:43.641476','323','2029-10-09 16:44:43.641483','$2a$10$pGz/XZdSzDYyIBT87ViCmOYOUG05J.zzRbirB0mEjLdlmGyfgtzmK',7,1),(3,'4000000929983150','2024-10-09 17:11:47.944391','326','2029-10-09 17:11:47.944396','$2a$10$tXzwYtR4uN4wNvZP38KAcubuaLMqCAxtiEDj4jKh1Kyaxg7UDv2Ay',16,1),(4,'4000005637481990','2024-10-09 17:20:43.197122','459','2029-10-09 17:20:43.197127','$2a$10$iJ7F4ZyTJKWBCKSidUs8aumS/41Jf9C6WHGdNVKXkkgk9gbbRUvSG',21,1),(5,'4000006639750640','2024-10-10 03:01:36.556084','582','2029-10-10 03:01:36.556086','$2a$10$cP86WADVJqF8IsttSBMJiu4V459RprEIAICP13b46vGk/bzDVK6AO',6,1),(6,'4000007929710732','2024-10-10 14:02:15.464102','396','2029-10-10 14:02:15.464105','$2a$10$Vi6kdp0GpmbiFCMzAOc41eC8yJBmGz8qjCXj.kSuw9pRYRyjNuo5q',45,1),(7,'4000002424028898','2024-10-10 15:51:22.788820','393','2029-10-10 15:51:22.788822','$2a$10$Cw670VBHLGSJ1W27c7XeXu9LI0jR5pIp3G4yPA6NUp0vx8MmXdI.y',67,1),(8,'4000007217962559','2024-10-10 16:02:42.089111','029','2029-10-10 16:02:42.089114','$2a$10$.i29l35BBeBtWWmgfZLUq.MfGlyY8X4dh9uSziHISiS/pyvPOgXgm',71,1),(9,'4000007854862747','2024-10-11 01:43:59.616521','070','2029-10-11 01:43:59.616526','$2a$10$0CixD2/0sFx1lc6NeqJp8Of0jl2E54ppFgBnsjskzOVv5HpUO6xiu',95,1),(10,'4000007412177762','2024-10-11 04:06:46.952427','387','2029-10-11 04:06:46.952430','$2a$10$HitWSuf7MOxLDoOJrMf7ZuKnKeCTdLff5Z6Vk9YFdyj/76.bMLdPO',116,1),(11,'4000004580569596','2024-10-11 04:40:49.066305','768','2029-10-11 04:40:49.066307','$2a$10$stOrQtQY4JJhhkfu5T4ixuDidv3qH0c7Xt8pX2Z5kEqH1YtUG4xIq',122,1),(12,'4000004245607242','2024-10-11 05:13:16.151311','920','2029-10-11 05:13:16.151314','$2a$10$VX1vE9pHw.vv/OYfw3gLKuvTs/H9rScEwMLlnIp/hQGHTvtO8yUBS',120,1);
/*!40000 ALTER TABLE `card` ENABLE KEYS */;
UNLOCK TABLES;

--
-- Table structure for table `card_product`
--

DROP TABLE IF EXISTS `card_product`;
/*!40101 SET @saved_cs_client     = @@character_set_client */;
/*!50503 SET character_set_client = utf8mb4 */;
CREATE TABLE `card_product` (
  `card_product_id` bigint NOT NULL AUTO_INCREMENT,
  `card_description` varchar(255) COLLATE utf8mb4_unicode_ci DEFAULT NULL,
  `card_name` varchar(255) COLLATE utf8mb4_unicode_ci DEFAULT NULL,
  `card_unique_no` varchar(16) COLLATE utf8mb4_unicode_ci DEFAULT NULL,
  PRIMARY KEY (`card_product_id`)
) ENGINE=InnoDB AUTO_INCREMENT=2 DEFAULT CHARSET=utf8mb4 COLLATE=utf8mb4_unicode_ci;
/*!40101 SET character_set_client = @saved_cs_client */;

--
-- Dumping data for table `card_product`
--

LOCK TABLES `card_product` WRITE;
/*!40000 ALTER TABLE `card_product` DISABLE KEYS */;
INSERT INTO `card_product` VALUES (1,'튜나뱅크의 카드입니다.','튜나 카드','DC5O2YKQ');
/*!40000 ALTER TABLE `card_product` ENABLE KEYS */;
UNLOCK TABLES;

--
-- Table structure for table `country`
--

DROP TABLE IF EXISTS `country`;
/*!40101 SET @saved_cs_client     = @@character_set_client */;
/*!50503 SET character_set_client = utf8mb4 */;
CREATE TABLE `country` (
  `country_id` int NOT NULL,
  `country_code` varchar(255) COLLATE utf8mb4_unicode_ci DEFAULT NULL,
  `country_name` varchar(255) COLLATE utf8mb4_unicode_ci DEFAULT NULL,
  PRIMARY KEY (`country_id`)
) ENGINE=InnoDB DEFAULT CHARSET=utf8mb4 COLLATE=utf8mb4_unicode_ci;
/*!40101 SET character_set_client = @saved_cs_client */;

--
-- Dumping data for table `country`
--

LOCK TABLES `country` WRITE;
/*!40000 ALTER TABLE `country` DISABLE KEYS */;
INSERT INTO `country` VALUES (1,'KOR','Korea'),(2,'USA','United States'),(3,'JPN','Japan'),(4,'EUR','European Union'),(5,'TWD','Taiwan');
/*!40000 ALTER TABLE `country` ENABLE KEYS */;
UNLOCK TABLES;

--
-- Table structure for table `currency`
--

DROP TABLE IF EXISTS `currency`;
/*!40101 SET @saved_cs_client     = @@character_set_client */;
/*!50503 SET character_set_client = utf8mb4 */;
CREATE TABLE `currency` (
  `currency_id` int NOT NULL,
  `currency_code` enum('EUR','JPY','KRW','TWD','USD') COLLATE utf8mb4_unicode_ci DEFAULT NULL,
  `exchange_min` int DEFAULT NULL,
  `exchange_rate` double NOT NULL,
  `updated_at` varchar(255) COLLATE utf8mb4_unicode_ci DEFAULT NULL,
  `country_id` int DEFAULT NULL,
  PRIMARY KEY (`currency_id`),
  KEY `FKa1xqilmjmlheudk4sayosgw35` (`country_id`),
  CONSTRAINT `FKa1xqilmjmlheudk4sayosgw35` FOREIGN KEY (`country_id`) REFERENCES `country` (`country_id`)
) ENGINE=InnoDB DEFAULT CHARSET=utf8mb4 COLLATE=utf8mb4_unicode_ci;
/*!40101 SET character_set_client = @saved_cs_client */;

--
-- Dumping data for table `currency`
--

LOCK TABLES `currency` WRITE;
/*!40000 ALTER TABLE `currency` DISABLE KEYS */;
INSERT INTO `currency` VALUES (1,'KRW',1,1,NULL,1),(2,'USD',100,1349.76,'2024-10-11 10:00',2),(3,'JPY',100,907.35,'2024-10-11 10:00',3),(4,'EUR',100,1476.78,'2024-10-11 10:00',4),(5,'TWD',4000,41.87,'2024-10-11 10:00',5);
/*!40000 ALTER TABLE `currency` ENABLE KEYS */;
UNLOCK TABLES;

--
-- Table structure for table `history`
--

DROP TABLE IF EXISTS `history`;
/*!40101 SET @saved_cs_client     = @@character_set_client */;
/*!50503 SET character_set_client = utf8mb4 */;
CREATE TABLE `history` (
  `ttype` varchar(31) COLLATE utf8mb4_unicode_ci NOT NULL,
  `transaction_history_id` bigint NOT NULL,
  `transaction_type` enum('CD','CW','D','ED','EW','SD','SW','TD','TW','W') COLLATE utf8mb4_unicode_ci NOT NULL,
  `amount` double DEFAULT NULL,
  `balance` double DEFAULT NULL,
  `transaction_at` datetime(6) DEFAULT NULL,
  `applied_exchange_rate` double DEFAULT NULL,
  `transaction_id` varchar(255) COLLATE utf8mb4_unicode_ci DEFAULT NULL,
  `won_amount` double DEFAULT NULL,
  `summary` varchar(255) COLLATE utf8mb4_unicode_ci DEFAULT NULL,
  `transaction_account_no` varchar(255) COLLATE utf8mb4_unicode_ci DEFAULT NULL,
  `card_id` bigint DEFAULT NULL,
  `currency_id` int DEFAULT NULL,
  `merchant_id` bigint DEFAULT NULL,
  `money_box_id` bigint DEFAULT NULL,
  PRIMARY KEY (`transaction_history_id`,`transaction_type`),
  KEY `FKk4byvah0stxcb74ev7xscxrjf` (`card_id`),
  KEY `FKaq7vk28xgdvtgc7o8k0ryi5o5` (`currency_id`),
  KEY `FK98c20a71g37t3e72x6unmwbt4` (`merchant_id`),
  KEY `FKen0l701dq78qeyoi2nfk2k7qx` (`money_box_id`),
  CONSTRAINT `FK98c20a71g37t3e72x6unmwbt4` FOREIGN KEY (`merchant_id`) REFERENCES `merchant` (`merchant_id`),
  CONSTRAINT `FKaq7vk28xgdvtgc7o8k0ryi5o5` FOREIGN KEY (`currency_id`) REFERENCES `currency` (`currency_id`),
  CONSTRAINT `FKen0l701dq78qeyoi2nfk2k7qx` FOREIGN KEY (`money_box_id`) REFERENCES `money_box` (`money_box_id`),
  CONSTRAINT `FKk4byvah0stxcb74ev7xscxrjf` FOREIGN KEY (`card_id`) REFERENCES `card` (`card_id`)
) ENGINE=InnoDB DEFAULT CHARSET=utf8mb4 COLLATE=utf8mb4_unicode_ci;
/*!40101 SET character_set_client = @saved_cs_client */;

--
-- Dumping data for table `history`
--

LOCK TABLES `history` WRITE;
/*!40000 ALTER TABLE `history` DISABLE KEYS */;
INSERT INTO `history` VALUES ('T',1,'ED',165.09,100000165.09,'2024-10-09 03:26:53.000000',NULL,NULL,NULL,'환전, 적용 환율: 1346.09','002-87425493-209',NULL,NULL,NULL,9),('T',1,'EW',222220,99777780,'2024-10-09 03:26:53.000000',NULL,NULL,NULL,'환전, 적용 환율: 1346.09','002-87425493-209',NULL,NULL,NULL,6),('T',2,'TD',100000,100100000,'2024-10-09 14:24:19.000000',NULL,NULL,NULL,'도경수','001-64212730-209',NULL,NULL,NULL,1),('T',2,'TW',100000,99900000,'2024-10-09 14:24:19.000000',NULL,NULL,NULL,'홍길동','001-95739462-209',NULL,NULL,NULL,14),('T',3,'TD',100000,100200000,'2024-10-09 14:25:30.000000',NULL,NULL,NULL,'도경수','001-64212730-209',NULL,NULL,NULL,1),('T',3,'TW',100000,99800000,'2024-10-09 14:25:30.000000',NULL,NULL,NULL,'홍길동','001-95739462-209',NULL,NULL,NULL,14),('T',4,'TD',1000000,100800000,'2024-10-09 14:26:57.000000',NULL,NULL,NULL,'홍길동','001-95739462-209',NULL,NULL,NULL,14),('T',4,'TW',1000000,99200000,'2024-10-09 14:26:57.000000',NULL,NULL,NULL,NULL,'001-64212730-209',NULL,NULL,NULL,1),('T',5,'ED',99995,99877775,'2024-10-09 15:02:01.000000',NULL,NULL,NULL,'재환전, 적용 환율: 1342.75','002-87425493-209',NULL,NULL,NULL,6),('T',5,'EW',74.47,100000090.62,'2024-10-09 15:02:01.000000',NULL,NULL,NULL,'재환전, 적용 환율: 1342.75','002-87425493-209',NULL,NULL,NULL,9),('T',6,'ED',120848,99998623,'2024-10-09 15:02:47.000000',NULL,NULL,NULL,'재환전, 적용 환율: 1342.75','002-87425493-209',NULL,NULL,NULL,6),('T',6,'EW',90,100000000.62,'2024-10-09 15:02:47.000000',NULL,NULL,NULL,'재환전, 적용 환율: 1342.75','002-87425493-209',NULL,NULL,NULL,9),('T',7,'ED',186.19,100000186.81,'2024-10-09 15:11:48.000000',NULL,NULL,NULL,'환전, 적용 환율: 1342.75','002-87425493-209',NULL,NULL,NULL,9),('T',7,'EW',250000,99748623,'2024-10-09 15:11:48.000000',NULL,NULL,NULL,'환전, 적용 환율: 1342.75','002-87425493-209',NULL,NULL,NULL,6),('T',8,'TD',50000,100050000,'2024-10-09 16:08:45.000000',NULL,NULL,NULL,'김지나','001-95728553-209',NULL,NULL,NULL,18),('T',8,'TW',50000,99950000,'2024-10-09 16:08:45.000000',NULL,NULL,NULL,'달러테스트','002-15349870-209',NULL,NULL,NULL,5),('T',9,'TD',100000,100150000,'2024-10-09 16:09:00.000000',NULL,NULL,NULL,'김지나','001-95728553-209',NULL,NULL,NULL,18),('T',9,'TW',100000,99850000,'2024-10-09 16:09:00.000000',NULL,NULL,NULL,'김지나','002-15349870-209',NULL,NULL,NULL,5),('T',10,'ED',916.65,100001103.46,'2024-10-09 16:25:54.000000',NULL,NULL,NULL,'환전, 적용 환율: 1343.29','002-87425493-209',NULL,NULL,NULL,9),('T',10,'EW',1231320,98517303,'2024-10-09 16:25:54.000000',NULL,NULL,NULL,'환전, 적용 환율: 1343.29','002-87425493-209',NULL,NULL,NULL,6),('T',11,'ED',1111116,99628419,'2024-10-09 16:26:16.000000',NULL,NULL,NULL,'재환전, 적용 환율: 1343.29','002-87425493-209',NULL,NULL,NULL,6),('T',11,'EW',827.16,100000276.3,'2024-10-09 16:26:16.000000',NULL,NULL,NULL,'재환전, 적용 환율: 1343.29','002-87425493-209',NULL,NULL,NULL,9),('T',12,'ED',370749,99999168,'2024-10-09 16:26:30.000000',NULL,NULL,NULL,'재환전, 적용 환율: 1343.29','002-87425493-209',NULL,NULL,NULL,6),('T',12,'EW',276,100000000.3,'2024-10-09 16:26:30.000000',NULL,NULL,NULL,'재환전, 적용 환율: 1343.29','002-87425493-209',NULL,NULL,NULL,9),('T',13,'ED',134329000000,134429150000,'2024-10-09 16:29:13.000000',NULL,NULL,NULL,'재환전, 적용 환율: 1343.29','002-15349870-209',NULL,NULL,NULL,18),('T',13,'EW',100000000,0,'2024-10-09 16:29:13.000000',NULL,NULL,NULL,'재환전, 적용 환율: 1343.29','002-15349870-209',NULL,NULL,NULL,19),('T',14,'D',5000,99205000,'2024-10-09 16:29:52.000000',NULL,NULL,NULL,'월급 입금',NULL,NULL,NULL,NULL,1),('T',15,'D',5000,99210000,'2024-10-09 16:31:29.000000',NULL,NULL,NULL,'월급 입금',NULL,NULL,NULL,NULL,1),('T',16,'ED',1231233,101230401,'2024-10-09 16:31:59.000000',NULL,NULL,NULL,'재환전, 적용 환율: 1343.29','002-87425493-209',NULL,NULL,NULL,6),('T',16,'EW',916.58,99999083.72,'2024-10-09 16:31:59.000000',NULL,NULL,NULL,'재환전, 적용 환율: 1343.29','002-87425493-209',NULL,NULL,NULL,9),('T',17,'ED',134329000000,268758150000,'2024-10-09 16:32:03.000000',NULL,NULL,NULL,'재환전, 적용 환율: 1343.29','002-15349870-209',NULL,NULL,NULL,18),('T',17,'EW',100000000,0,'2024-10-09 16:32:03.000000',NULL,NULL,NULL,'재환전, 적용 환율: 1343.29','002-15349870-209',NULL,NULL,NULL,22),('T',18,'ED',917.99,100000001.71,'2024-10-09 16:33:31.000000',NULL,NULL,NULL,'환전, 적용 환율: 1343.29','002-87425493-209',NULL,NULL,NULL,9),('T',18,'EW',1233120,99997281,'2024-10-09 16:33:31.000000',NULL,NULL,NULL,'환전, 적용 환율: 1343.29','002-87425493-209',NULL,NULL,NULL,6),('T',19,'ED',134329000000,403087150000,'2024-10-09 16:33:40.000000',NULL,NULL,NULL,'재환전, 적용 환율: 1343.29','002-15349870-209',NULL,NULL,NULL,18),('T',19,'EW',100000000,0,'2024-10-09 16:33:40.000000',NULL,NULL,NULL,'재환전, 적용 환율: 1343.29','002-15349870-209',NULL,NULL,NULL,23),('T',20,'ED',907660000,1007660000,'2024-10-09 16:39:55.000000',NULL,NULL,NULL,'재환전, 적용 환율: 907.66','002-73772018-209',NULL,NULL,NULL,16),('T',20,'EW',100000000,0,'2024-10-09 16:39:55.000000',NULL,NULL,NULL,'재환전, 적용 환율: 907.66','002-73772018-209',NULL,NULL,NULL,17),('C',21,'CW',20000,99980000,'2024-10-09 16:44:32.776041',1,'07bd9c3c-f9c3-45cf-8980-a94fa9336135',20000,NULL,NULL,1,1,1,NULL),('C',22,'CW',1700,99978300,'2024-10-09 16:44:44.449697',1,'23ed635d-87b6-4c97-b879-2ce02d32a31f',1700,NULL,NULL,1,1,5,NULL),('T',23,'ED',100,100000101.71,'2024-10-09 16:44:53.000000',NULL,NULL,NULL,'환전, 적용 환율: 1343.29','002-87425493-209',NULL,NULL,NULL,9),('T',23,'EW',134320,99862961,'2024-10-09 16:44:53.000000',NULL,NULL,NULL,'환전, 적용 환율: 1343.29','002-87425493-209',NULL,NULL,NULL,6),('C',24,'CW',12.56,99999987.44,'2024-10-09 16:45:01.591440',1343.29,'e4e26fd6-d608-466d-a3aa-1fcd6fa5f722',16871.7224,NULL,NULL,1,2,13,NULL),('T',25,'ED',134329,99997290,'2024-10-09 16:45:08.000000',NULL,NULL,NULL,'재환전, 적용 환율: 1343.29','002-87425493-209',NULL,NULL,NULL,6),('T',25,'EW',100,100000001.71,'2024-10-09 16:45:08.000000',NULL,NULL,NULL,'재환전, 적용 환율: 1343.29','002-87425493-209',NULL,NULL,NULL,9),('C',26,'CW',101.36,99999886.08,'2024-10-09 16:45:10.084804',1343.29,'f7617b52-bf16-473f-8744-02c6f84639e3',136155.8744,NULL,NULL,1,2,16,NULL),('T',27,'ED',916.58,100000918.29,'2024-10-09 16:45:45.000000',NULL,NULL,NULL,'환전, 적용 환율: 1343.29','002-87425493-209',NULL,NULL,NULL,9),('T',27,'EW',1231230,98766060,'2024-10-09 16:45:45.000000',NULL,NULL,NULL,'환전, 적용 환율: 1343.29','002-87425493-209',NULL,NULL,NULL,6),('T',28,'ED',100,100001018.29,'2024-10-09 16:46:01.000000',NULL,NULL,NULL,'환전, 적용 환율: 1343.29','002-87425493-209',NULL,NULL,NULL,9),('T',28,'EW',134320,98631740,'2024-10-09 16:46:01.000000',NULL,NULL,NULL,'환전, 적용 환율: 1343.29','002-87425493-209',NULL,NULL,NULL,6),('T',29,'ED',123140,98754880,'2024-10-09 16:46:14.000000',NULL,NULL,NULL,'재환전, 적용 환율: 1343.29','002-87425493-209',NULL,NULL,NULL,6),('T',29,'EW',91.67,100000926.62,'2024-10-09 16:46:14.000000',NULL,NULL,NULL,'재환전, 적용 환율: 1343.29','002-87425493-209',NULL,NULL,NULL,9),('T',30,'ED',1208961,99963841,'2024-10-09 16:46:24.000000',NULL,NULL,NULL,'재환전, 적용 환율: 1343.29','002-87425493-209',NULL,NULL,NULL,6),('T',30,'EW',900,100000026.62,'2024-10-09 16:46:24.000000',NULL,NULL,NULL,'재환전, 적용 환율: 1343.29','002-87425493-209',NULL,NULL,NULL,9),('T',31,'ED',134329000000,537416150000,'2024-10-09 16:47:05.000000',NULL,NULL,NULL,'재환전, 적용 환율: 1343.29','002-15349870-209',NULL,NULL,NULL,18),('T',31,'EW',100000000,0,'2024-10-09 16:47:05.000000',NULL,NULL,NULL,'재환전, 적용 환율: 1343.29','002-15349870-209',NULL,NULL,NULL,24),('T',32,'ED',165225,100129066,'2024-10-09 16:50:08.000000',NULL,NULL,NULL,'재환전, 적용 환율: 1343.29','002-87425493-209',NULL,NULL,NULL,6),('T',32,'EW',123,99999903.62,'2024-10-09 16:50:08.000000',NULL,NULL,NULL,'재환전, 적용 환율: 1343.29','002-87425493-209',NULL,NULL,NULL,9),('T',33,'ED',100,100000100,'2024-10-09 16:52:28.000000',NULL,NULL,NULL,'환전, 적용 환율: 907.66','002-38164455-209',NULL,NULL,NULL,26),('T',33,'EW',900,99999100,'2024-10-09 16:52:28.000000',NULL,NULL,NULL,'환전, 적용 환율: 907.66','002-38164455-209',NULL,NULL,NULL,13),('T',34,'D',5000,99215000,'2024-10-09 16:54:18.000000',NULL,NULL,NULL,'월급 입금',NULL,NULL,NULL,NULL,1),('T',35,'D',5000,99220000,'2024-10-09 16:54:45.000000',NULL,NULL,NULL,'월급 입금',NULL,NULL,NULL,NULL,1),('T',36,'ED',134329,100134329,'2024-10-09 16:56:14.000000',NULL,NULL,NULL,'재환전, 적용 환율: 1343.29','002-37489133-209',NULL,NULL,NULL,27),('T',36,'EW',100,99999900,'2024-10-09 16:56:14.000000',NULL,NULL,NULL,'재환전, 적용 환율: 1343.29','002-37489133-209',NULL,NULL,NULL,28),('T',37,'ED',908,100000908,'2024-10-09 16:57:21.000000',NULL,NULL,NULL,'재환전, 적용 환율: 907.66','002-40733943-209',NULL,NULL,NULL,7),('T',37,'EW',100,99999900,'2024-10-09 16:57:21.000000',NULL,NULL,NULL,'재환전, 적용 환율: 907.66','002-40733943-209',NULL,NULL,NULL,15),('T',38,'TD',10000,100010000,'2024-10-09 16:58:03.000000',NULL,NULL,NULL,'홍길동','001-95739462-209',NULL,NULL,NULL,29),('T',38,'TW',10000,99210000,'2024-10-09 16:58:03.000000',NULL,NULL,NULL,'b','001-15295992-209',NULL,NULL,NULL,1),('T',39,'TD',10000,100020000,'2024-10-09 16:58:16.000000',NULL,NULL,NULL,'홍길동','001-95739462-209',NULL,NULL,NULL,29),('T',39,'TW',10000,99200000,'2024-10-09 16:58:16.000000',NULL,NULL,NULL,'b','001-15295992-209',NULL,NULL,NULL,1),('T',40,'TD',5000,99205000,'2024-10-09 16:59:22.000000',NULL,NULL,NULL,'이체 입금 테스트','001-15295992-209',NULL,NULL,NULL,1),('T',40,'TW',5000,100015000,'2024-10-09 16:59:22.000000',NULL,NULL,NULL,'이체 출금 테스트','001-95739462-209',NULL,NULL,NULL,29),('T',41,'ED',907659093,1007660001,'2024-10-09 17:00:24.000000',NULL,NULL,NULL,'재환전, 적용 환율: 907.66','002-40733943-209',NULL,NULL,NULL,7),('T',41,'EW',99999900,0,'2024-10-09 17:00:24.000000',NULL,NULL,NULL,'재환전, 적용 환율: 907.66','002-40733943-209',NULL,NULL,NULL,15),('T',42,'TD',50000,99255000,'2024-10-09 17:00:59.000000',NULL,NULL,NULL,'b','001-15295992-209',NULL,NULL,NULL,1),('T',42,'TW',50000,99965000,'2024-10-09 17:00:59.000000',NULL,NULL,NULL,'홍길동','001-95739462-209',NULL,NULL,NULL,29),('T',43,'ED',100,100000003.62,'2024-10-09 17:01:22.000000',NULL,NULL,NULL,'환전, 적용 환율: 1344.57','002-87425493-209',NULL,NULL,NULL,9),('T',43,'EW',134450,99994616,'2024-10-09 17:01:22.000000',NULL,NULL,NULL,'환전, 적용 환율: 1344.57','002-87425493-209',NULL,NULL,NULL,6),('T',44,'TD',50000,99255000,'2024-10-09 17:02:58.000000',NULL,NULL,NULL,'홍길동','001-95739462-209',NULL,NULL,NULL,1),('T',44,'TW',50000,99205000,'2024-10-09 17:02:58.000000',NULL,NULL,NULL,'홍길동','001-95739462-209',NULL,NULL,NULL,1),('T',45,'D',5000,99970000,'2024-10-09 17:04:31.000000',NULL,NULL,NULL,'월급 입금',NULL,NULL,NULL,NULL,29),('T',46,'TD',12150,100012150,'2024-10-09 17:09:35.000000',NULL,NULL,NULL,'정해인','001-39930831-209',NULL,NULL,NULL,10),('T',46,'TW',12150,99987850,'2024-10-09 17:09:35.000000',NULL,NULL,NULL,'이예림','001-28900992-209',NULL,NULL,NULL,31),('T',47,'ED',165547493,265542109,'2024-10-09 17:11:02.000000',NULL,NULL,NULL,'재환전, 적용 환율: 1344.57','002-87425493-209',NULL,NULL,NULL,6),('T',47,'EW',123123,99876880.62,'2024-10-09 17:11:02.000000',NULL,NULL,NULL,'재환전, 적용 환율: 1344.57','002-87425493-209',NULL,NULL,NULL,9),('T',48,'TD',12150,100024300,'2024-10-09 17:11:52.000000',NULL,NULL,NULL,'정해인','001-39930831-209',NULL,NULL,NULL,10),('T',48,'TW',12150,99975700,'2024-10-09 17:11:52.000000',NULL,NULL,NULL,'이예림','001-28900992-209',NULL,NULL,NULL,31),('C',49,'CW',150000,99984329,'2024-10-09 17:13:09.270725',1,'b163feac-a108-4e58-9364-fb1e6c2a5396',150000,NULL,NULL,3,1,1,NULL),('T',50,'TD',12150,99990450,'2024-10-09 17:13:34.000000',NULL,NULL,NULL,'이예림','001-28900992-209',NULL,NULL,NULL,11),('T',50,'TW',12150,100012150,'2024-10-09 17:13:34.000000',NULL,NULL,NULL,'베테랑','002-12746689-209',NULL,NULL,NULL,10),('T',51,'TD',5000,100805000,'2024-10-09 17:14:43.000000',NULL,NULL,NULL,'이체 입금 테스트','001-98712056-209',NULL,NULL,NULL,14),('T',51,'TW',5000,99995000,'2024-10-09 17:14:43.000000',NULL,NULL,NULL,'이체 출금 테스트','001-64212730-209',NULL,NULL,NULL,30),('T',52,'TD',5000,100810000,'2024-10-09 17:15:31.000000',NULL,NULL,NULL,'이체 입금 테스트','001-98712056-209',NULL,NULL,NULL,14),('T',52,'TW',5000,99990000,'2024-10-09 17:15:31.000000',NULL,NULL,NULL,'이체 출금 테스트','001-64212730-209',NULL,NULL,NULL,30),('C',53,'CW',150000,99850000,'2024-10-09 17:22:59.290383',1,'05c3b62c-6f0f-491a-9d88-3e0aaf36f76a',150000,NULL,NULL,4,1,1,NULL),('T',54,'TD',5000,100815000,'2024-10-09 17:23:09.000000',NULL,NULL,NULL,'이체 입금 테스트','001-98712056-209',NULL,NULL,NULL,14),('T',54,'TW',5000,99985000,'2024-10-09 17:23:09.000000',NULL,NULL,NULL,'이체 출금 테스트','001-64212730-209',NULL,NULL,NULL,30),('T',55,'ED',100000000,200000000,'2024-10-09 17:27:18.000000',NULL,NULL,NULL,'환전, 적용 환율: 1344.57','002-15349870-209',NULL,NULL,NULL,25),('T',55,'EW',134457000000,402959150000,'2024-10-09 17:27:18.000000',NULL,NULL,NULL,'환전, 적용 환율: 1344.57','002-15349870-209',NULL,NULL,NULL,18),('T',56,'ED',123123122,403082273122,'2024-10-09 17:27:43.000000',NULL,NULL,NULL,'재환전, 적용 환율: 1344.57','002-15349870-209',NULL,NULL,NULL,18),('T',56,'EW',91570.63,199908429.37,'2024-10-09 17:27:43.000000',NULL,NULL,NULL,'재환전, 적용 환율: 1344.57','002-15349870-209',NULL,NULL,NULL,25),('T',57,'ED',100001,200008430.37,'2024-10-09 17:29:25.000000',NULL,NULL,NULL,'환전, 적용 환율: 1344.57','002-15349870-209',NULL,NULL,NULL,25),('T',57,'EW',134458340,402947814782,'2024-10-09 17:29:25.000000',NULL,NULL,NULL,'환전, 적용 환율: 1344.57','002-15349870-209',NULL,NULL,NULL,18),('T',58,'ED',1000,99877880.62,'2024-10-09 18:11:35.000000',NULL,NULL,NULL,'환전, 적용 환율: 1345.24','002-87425493-209',NULL,NULL,NULL,9),('T',58,'EW',1345240,264196869,'2024-10-09 18:11:35.000000',NULL,NULL,NULL,'환전, 적용 환율: 1345.24','002-87425493-209',NULL,NULL,NULL,6),('T',59,'ED',10000,99887880.62,'2024-10-09 18:12:03.000000',NULL,NULL,NULL,'환전, 적용 환율: 1345.24','002-87425493-209',NULL,NULL,NULL,9),('T',59,'EW',13452400,250744469,'2024-10-09 18:12:03.000000',NULL,NULL,NULL,'환전, 적용 환율: 1345.24','002-87425493-209',NULL,NULL,NULL,6),('T',60,'ED',825.96,99888706.58,'2024-10-09 18:17:41.000000',NULL,NULL,NULL,'환전, 적용 환율: 1345.24','002-87425493-209',NULL,NULL,NULL,9),('T',60,'EW',1111110,249633359,'2024-10-09 18:17:41.000000',NULL,NULL,NULL,'환전, 적용 환율: 1345.24','002-87425493-209',NULL,NULL,NULL,6),('T',61,'ED',100000,99988706.58,'2024-10-09 18:18:05.000000',NULL,NULL,NULL,'환전, 적용 환율: 1345.24','002-87425493-209',NULL,NULL,NULL,9),('T',61,'EW',134524000,115109359,'2024-10-09 18:18:05.000000',NULL,NULL,NULL,'환전, 적용 환율: 1345.24','002-87425493-209',NULL,NULL,NULL,6),('T',62,'ED',1345240,116454599,'2024-10-09 18:19:51.000000',NULL,NULL,NULL,'재환전, 적용 환율: 1345.24','002-87425493-209',NULL,NULL,NULL,6),('T',62,'EW',1000,99987706.58,'2024-10-09 18:19:51.000000',NULL,NULL,NULL,'재환전, 적용 환율: 1345.24','002-87425493-209',NULL,NULL,NULL,9),('T',63,'ED',165629985,282084584,'2024-10-09 18:20:03.000000',NULL,NULL,NULL,'재환전, 적용 환율: 1345.24','002-87425493-209',NULL,NULL,NULL,6),('T',63,'EW',123123,99864583.58,'2024-10-09 18:20:03.000000',NULL,NULL,NULL,'재환전, 적용 환율: 1345.24','002-87425493-209',NULL,NULL,NULL,9),('T',64,'ED',1231231,283315815,'2024-10-09 18:20:15.000000',NULL,NULL,NULL,'재환전, 적용 환율: 1345.24','002-87425493-209',NULL,NULL,NULL,6),('T',64,'EW',915.25,99863668.33,'2024-10-09 18:20:15.000000',NULL,NULL,NULL,'재환전, 적용 환율: 1345.24','002-87425493-209',NULL,NULL,NULL,9),('T',65,'ED',999998,284315813,'2024-10-09 18:20:24.000000',NULL,NULL,NULL,'재환전, 적용 환율: 1345.24','002-87425493-209',NULL,NULL,NULL,6),('T',65,'EW',743.36,99862924.97,'2024-10-09 18:20:24.000000',NULL,NULL,NULL,'재환전, 적용 환율: 1345.24','002-87425493-209',NULL,NULL,NULL,9),('T',66,'ED',133178760000,133463075813,'2024-10-09 18:50:21.000000',NULL,NULL,NULL,'재환전, 적용 환율: 1345.24','002-87425493-209',NULL,NULL,NULL,6),('T',66,'EW',99000000,862924.97,'2024-10-09 18:50:21.000000',NULL,NULL,NULL,'재환전, 적용 환율: 1345.24','002-87425493-209',NULL,NULL,NULL,9),('T',67,'ED',9072000,109071100,'2024-10-09 18:50:48.000000',NULL,NULL,NULL,'재환전, 적용 환율: 907.2','002-38164455-209',NULL,NULL,NULL,13),('T',67,'EW',1000000,99000100,'2024-10-09 18:50:48.000000',NULL,NULL,NULL,'재환전, 적용 환율: 907.2','002-38164455-209',NULL,NULL,NULL,26),('T',68,'ED',99792,109170892,'2024-10-09 18:51:08.000000',NULL,NULL,NULL,'재환전, 적용 환율: 907.2','002-38164455-209',NULL,NULL,NULL,13),('T',68,'EW',11022.93,98989077.07,'2024-10-09 18:51:08.000000',NULL,NULL,NULL,'재환전, 적용 환율: 907.2','002-38164455-209',NULL,NULL,NULL,26),('T',69,'ED',100023,99089100.07,'2024-10-09 18:51:50.000000',NULL,NULL,NULL,'환전, 적용 환율: 907.2','002-38164455-209',NULL,NULL,NULL,26),('T',69,'EW',907200,108263692,'2024-10-09 18:51:50.000000',NULL,NULL,NULL,'환전, 적용 환율: 907.2','002-38164455-209',NULL,NULL,NULL,13),('T',70,'ED',13573,99102673.07,'2024-10-09 18:52:30.000000',NULL,NULL,NULL,'환전, 적용 환율: 907.2','002-38164455-209',NULL,NULL,NULL,26),('T',70,'EW',123120,108140572,'2024-10-09 18:52:30.000000',NULL,NULL,NULL,'환전, 적용 환율: 907.2','002-38164455-209',NULL,NULL,NULL,13),('T',71,'ED',915250.24,1778175.21,'2024-10-09 18:54:19.000000',NULL,NULL,NULL,'환전, 적용 환율: 1345.24','002-87425493-209',NULL,NULL,NULL,9),('T',71,'EW',1231231230,132231844583,'2024-10-09 18:54:19.000000',NULL,NULL,NULL,'환전, 적용 환율: 1345.24','002-87425493-209',NULL,NULL,NULL,6),('T',72,'ED',5518764,104621437.07,'2024-10-09 19:56:10.000000',NULL,NULL,NULL,'환전, 적용 환율: 906.85','002-38164455-209',NULL,NULL,NULL,26),('T',72,'EW',50000000,58140572,'2024-10-09 19:56:10.000000',NULL,NULL,NULL,'환전, 적용 환율: 906.85','002-38164455-209',NULL,NULL,NULL,13),('T',73,'ED',916.09,1779091.3,'2024-10-09 20:45:50.000000',NULL,NULL,NULL,'환전, 적용 환율: 1344.01','002-87425493-209',NULL,NULL,NULL,9),('T',73,'EW',1231230,132230613353,'2024-10-09 20:45:50.000000',NULL,NULL,NULL,'환전, 적용 환율: 1344.01','002-87425493-209',NULL,NULL,NULL,6),('T',74,'ED',10000,100010000,'2024-10-09 21:14:25.000000',NULL,NULL,NULL,'환전, 적용 환율: 1344.34','002-57629329-209',NULL,NULL,NULL,21),('T',74,'EW',13443400,86556600,'2024-10-09 21:14:25.000000',NULL,NULL,NULL,'환전, 적용 환율: 1344.34','002-57629329-209',NULL,NULL,NULL,20),('T',75,'ED',8265.11,1787356.41,'2024-10-09 21:40:24.000000',NULL,NULL,NULL,'환전, 적용 환율: 1344.34','002-87425493-209',NULL,NULL,NULL,9),('T',75,'EW',11111110,132219502243,'2024-10-09 21:40:24.000000',NULL,NULL,NULL,'환전, 적용 환율: 1344.34','002-87425493-209',NULL,NULL,NULL,6),('T',76,'ED',1111,1788467.41,'2024-10-09 21:40:44.000000',NULL,NULL,NULL,'환전, 적용 환율: 1344.34','002-87425493-209',NULL,NULL,NULL,9),('T',76,'EW',1493560,132218008683,'2024-10-09 21:40:44.000000',NULL,NULL,NULL,'환전, 적용 환율: 1344.34','002-87425493-209',NULL,NULL,NULL,6),('T',77,'ED',11111105,132229119788,'2024-10-09 21:42:42.000000',NULL,NULL,NULL,'재환전, 적용 환율: 1344.34','002-87425493-209',NULL,NULL,NULL,6),('T',77,'EW',8265.1,1780202.31,'2024-10-09 21:42:42.000000',NULL,NULL,NULL,'재환전, 적용 환율: 1344.34','002-87425493-209',NULL,NULL,NULL,9),('T',78,'ED',1493562,132230613350,'2024-10-09 21:42:55.000000',NULL,NULL,NULL,'재환전, 적용 환율: 1344.34','002-87425493-209',NULL,NULL,NULL,6),('T',78,'EW',1111,1779091.31,'2024-10-09 21:42:55.000000',NULL,NULL,NULL,'재환전, 적용 환율: 1344.34','002-87425493-209',NULL,NULL,NULL,9),('T',79,'ED',91531.15,1870622.46,'2024-10-09 22:52:58.000000',NULL,NULL,NULL,'환전, 적용 환율: 1345.15','002-87425493-209',NULL,NULL,NULL,9),('T',79,'EW',123123120,132107490230,'2024-10-09 22:52:58.000000',NULL,NULL,NULL,'환전, 적용 환율: 1345.15','002-87425493-209',NULL,NULL,NULL,6),('T',80,'ED',1123,1871745.46,'2024-10-09 22:53:13.000000',NULL,NULL,NULL,'환전, 적용 환율: 1345.15','002-87425493-209',NULL,NULL,NULL,9),('T',80,'EW',1510600,132105979630,'2024-10-09 22:53:13.000000',NULL,NULL,NULL,'환전, 적용 환율: 1345.15','002-87425493-209',NULL,NULL,NULL,6),('T',81,'ED',123123127,132229102757,'2024-10-09 22:53:24.000000',NULL,NULL,NULL,'재환전, 적용 환율: 1345.15','002-87425493-209',NULL,NULL,NULL,6),('T',81,'EW',91531.15,1780214.31,'2024-10-09 22:53:24.000000',NULL,NULL,NULL,'재환전, 적용 환율: 1345.15','002-87425493-209',NULL,NULL,NULL,9),('T',82,'ED',14962104,132244064861,'2024-10-09 22:53:36.000000',NULL,NULL,NULL,'재환전, 적용 환율: 1345.15','002-87425493-209',NULL,NULL,NULL,6),('T',82,'EW',11123,1769091.31,'2024-10-09 22:53:36.000000',NULL,NULL,NULL,'재환전, 적용 환율: 1345.15','002-87425493-209',NULL,NULL,NULL,9),('T',83,'ED',99999705,199999705,'2024-10-10 05:48:40.000000',NULL,NULL,NULL,'재환전, 적용 환율: 904.77','002-52166962-209',NULL,NULL,NULL,35),('T',83,'EW',11052532.69,88947467.31,'2024-10-10 05:48:40.000000',NULL,NULL,NULL,'재환전, 적용 환율: 904.77','002-52166962-209',NULL,NULL,NULL,40),('T',84,'ED',804770296,1004770001,'2024-10-10 05:49:55.000000',NULL,NULL,NULL,'재환전, 적용 환율: 904.77','002-52166962-209',NULL,NULL,NULL,35),('T',84,'EW',88947467.31,0,'2024-10-10 05:49:55.000000',NULL,NULL,NULL,'재환전, 적용 환율: 904.77','002-52166962-209',NULL,NULL,NULL,40),('T',85,'ED',147477000000,148481770001,'2024-10-10 05:56:51.000000',NULL,NULL,NULL,'재환전, 적용 환율: 1474.77','002-52166962-209',NULL,NULL,NULL,35),('T',85,'EW',100000000,0,'2024-10-10 05:56:51.000000',NULL,NULL,NULL,'재환전, 적용 환율: 1474.77','002-52166962-209',NULL,NULL,NULL,45),('T',86,'ED',4177000001,152658770002,'2024-10-10 06:00:59.000000',NULL,NULL,NULL,'재환전, 적용 환율: 41.77','002-52166962-209',NULL,NULL,NULL,35),('T',86,'EW',100000000,0,'2024-10-10 06:00:59.000000',NULL,NULL,NULL,'재환전, 적용 환율: 41.77','002-52166962-209',NULL,NULL,NULL,46),('T',87,'ED',134604000000,134704000000,'2024-10-10 06:10:42.000000',NULL,NULL,NULL,'재환전, 적용 환율: 1346.04','002-39748751-209',NULL,NULL,NULL,36),('T',87,'EW',100000000,0,'2024-10-10 06:10:42.000000',NULL,NULL,NULL,'재환전, 적용 환율: 1346.04','002-39748751-209',NULL,NULL,NULL,39),('T',88,'ED',4177000001,4277000001,'2024-10-10 06:52:02.000000',NULL,NULL,NULL,'재환전, 적용 환율: 41.77','002-08314162-209',NULL,NULL,NULL,43),('T',88,'EW',100000000,0,'2024-10-10 06:52:02.000000',NULL,NULL,NULL,'재환전, 적용 환율: 41.77','002-08314162-209',NULL,NULL,NULL,44),('T',89,'ED',134604000000,134704000000,'2024-10-10 06:55:01.000000',NULL,NULL,NULL,'재환전, 적용 환율: 1346.04','002-81677838-209',NULL,NULL,NULL,48),('T',89,'EW',100000000,0,'2024-10-10 06:55:01.000000',NULL,NULL,NULL,'재환전, 적용 환율: 1346.04','002-81677838-209',NULL,NULL,NULL,49),('T',90,'ED',134595500698,134695491148,'2024-10-10 07:02:12.000000',NULL,NULL,NULL,'재환전, 적용 환율: 1345.97','002-12746689-209',NULL,NULL,NULL,11),('T',90,'EW',99998886.08,1000,'2024-10-10 07:02:12.000000',NULL,NULL,NULL,'재환전, 적용 환율: 1345.97','002-12746689-209',NULL,NULL,NULL,12),('T',91,'ED',1345970,134696837118,'2024-10-10 07:02:57.000000',NULL,NULL,NULL,'재환전, 적용 환율: 1345.97','002-12746689-209',NULL,NULL,NULL,11),('T',91,'EW',1000,0,'2024-10-10 07:02:57.000000',NULL,NULL,NULL,'재환전, 적용 환율: 1345.97','002-12746689-209',NULL,NULL,NULL,12),('T',92,'ED',134597000000,269301000000,'2024-10-10 07:04:14.000000',NULL,NULL,NULL,'재환전, 적용 환율: 1345.97','002-39748751-209',NULL,NULL,NULL,36),('T',92,'EW',100000000,0,'2024-10-10 07:04:14.000000',NULL,NULL,NULL,'재환전, 적용 환율: 1345.97','002-39748751-209',NULL,NULL,NULL,50),('T',93,'ED',147395000000,416696000000,'2024-10-10 07:07:34.000000',NULL,NULL,NULL,'재환전, 적용 환율: 1473.95','002-39748751-209',NULL,NULL,NULL,36),('T',93,'EW',100000000,0,'2024-10-10 07:07:34.000000',NULL,NULL,NULL,'재환전, 적용 환율: 1473.95','002-39748751-209',NULL,NULL,NULL,53),('T',94,'ED',903790000,1003790000,'2024-10-10 07:09:56.000000',NULL,NULL,NULL,'재환전, 적용 환율: 903.79','002-17482481-209',NULL,NULL,NULL,41),('T',94,'EW',100000000,0,'2024-10-10 07:09:56.000000',NULL,NULL,NULL,'재환전, 적용 환율: 903.79','002-17482481-209',NULL,NULL,NULL,42),('T',95,'TD',50000,100034329,'2024-10-10 09:40:57.000000',NULL,NULL,NULL,'한혜리','001-29139412-209',NULL,NULL,NULL,27),('T',95,'TW',50000,99950000,'2024-10-10 09:40:57.000000',NULL,NULL,NULL,'아상관없을것같은데','002-37489133-209',NULL,NULL,NULL,32),('T',96,'TD',200000,134697037118,'2024-10-10 09:41:39.000000',NULL,NULL,NULL,'이예림','001-28900992-209',NULL,NULL,NULL,11),('T',96,'TW',200000,99812150,'2024-10-10 09:41:39.000000',NULL,NULL,NULL,'베테랑','002-12746689-209',NULL,NULL,NULL,10),('T',97,'TD',50000,100084329,'2024-10-10 09:41:42.000000',NULL,NULL,NULL,'한혜리','001-29139412-209',NULL,NULL,NULL,27),('T',97,'TW',50000,99900000,'2024-10-10 09:41:42.000000',NULL,NULL,NULL,'아상관없을것같은데','002-37489133-209',NULL,NULL,NULL,32),('T',98,'TD',50000,100134329,'2024-10-10 09:44:04.000000',NULL,NULL,NULL,'한혜리','001-29139412-209',NULL,NULL,NULL,27),('T',98,'TW',50000,99850000,'2024-10-10 09:44:04.000000',NULL,NULL,NULL,'김지나','002-37489133-209',NULL,NULL,NULL,32),('T',99,'ED',0,4277000001,'2024-10-10 09:46:03.000000',NULL,NULL,NULL,'재환전, 적용 환율: 904.14','002-08314162-209',NULL,NULL,NULL,43),('T',99,'EW',3.32,99999996.68,'2024-10-10 09:46:03.000000',NULL,NULL,NULL,'재환전, 적용 환율: 904.14','002-08314162-209',NULL,NULL,NULL,51),('T',100,'ED',2713,4277002714,'2024-10-10 09:47:35.000000',NULL,NULL,NULL,'재환전, 적용 환율: 904.14','002-08314162-209',NULL,NULL,NULL,43),('T',100,'EW',330,99999666.68,'2024-10-10 09:47:35.000000',NULL,NULL,NULL,'재환전, 적용 환율: 904.14','002-08314162-209',NULL,NULL,NULL,51),('T',101,'ED',905,4277003619,'2024-10-10 09:50:45.000000',NULL,NULL,NULL,'재환전, 적용 환율: 904.14','002-08314162-209',NULL,NULL,NULL,43),('T',101,'EW',112.81,99999553.87,'2024-10-10 09:50:45.000000',NULL,NULL,NULL,'재환전, 적용 환율: 904.14','002-08314162-209',NULL,NULL,NULL,51),('T',102,'TD',5000,100005000,'2024-10-10 09:56:51.000000',NULL,NULL,NULL,'이체 오류 테스트','001-64212730-209',NULL,NULL,NULL,70),('T',102,'TW',5000,100810000,'2024-10-10 09:56:51.000000',NULL,NULL,NULL,'이체 오류 테스트','002-32710670-209',NULL,NULL,NULL,14),('T',103,'TD',5000,100010000,'2024-10-10 09:58:36.000000',NULL,NULL,NULL,'이체 오류 테스트','001-64212730-209',NULL,NULL,NULL,70),('T',103,'TW',5000,100805000,'2024-10-10 09:58:36.000000',NULL,NULL,NULL,'이체 오류 테스트','002-32710670-209',NULL,NULL,NULL,14),('T',104,'TD',5000,100015000,'2024-10-10 09:59:00.000000',NULL,NULL,NULL,'이체 오류 테스트','001-64212730-209',NULL,NULL,NULL,70),('T',104,'TW',5000,100800000,'2024-10-10 09:59:00.000000',NULL,NULL,NULL,'이체 오류 테스트','002-32710670-209',NULL,NULL,NULL,14),('T',105,'TD',5000,100020000,'2024-10-10 10:02:26.000000',NULL,NULL,NULL,'이체 오류 테스트','001-64212730-209',NULL,NULL,NULL,70),('T',105,'TW',5000,100795000,'2024-10-10 10:02:26.000000',NULL,NULL,NULL,'이체 오류 테스트','002-32710670-209',NULL,NULL,NULL,14),('T',106,'TD',500000,100520000,'2024-10-10 10:03:45.000000',NULL,NULL,NULL,'이체 오류 테스트','001-64212730-209',NULL,NULL,NULL,70),('T',106,'TW',500000,100295000,'2024-10-10 10:03:45.000000',NULL,NULL,NULL,'이체 오류 테스트','002-32710670-209',NULL,NULL,NULL,14),('T',107,'ED',2382028377,134626093238,'2024-10-10 10:06:45.000000',NULL,NULL,NULL,'재환전, 적용 환율: 1346.47','002-87425493-209',NULL,NULL,NULL,6),('T',107,'EW',1769091.31,0,'2024-10-10 10:06:45.000000',NULL,NULL,NULL,'재환전, 적용 환율: 1346.47','002-87425493-209',NULL,NULL,NULL,9),('T',108,'ED',1499860,152660269862,'2024-10-10 10:11:48.000000',NULL,NULL,NULL,'재환전, 적용 환율: 1346.47','002-52166962-209',NULL,NULL,NULL,35),('T',108,'EW',1113.92,99998886.08,'2024-10-10 10:11:48.000000',NULL,NULL,NULL,'재환전, 적용 환율: 1346.47','002-52166962-209',NULL,NULL,NULL,47),('T',109,'ED',134645500141,287305770003,'2024-10-10 10:14:30.000000',NULL,NULL,NULL,'재환전, 적용 환율: 1346.47','002-52166962-209',NULL,NULL,NULL,35),('T',109,'EW',99998886.08,0,'2024-10-10 10:14:30.000000',NULL,NULL,NULL,'재환전, 적용 환율: 1346.47','002-52166962-209',NULL,NULL,NULL,47),('T',110,'TD',50000,402947864782,'2024-10-10 10:25:00.000000',NULL,NULL,NULL,'김지나','001-95728553-209',NULL,NULL,NULL,18),('T',110,'TW',50000,99800000,'2024-10-10 10:25:00.000000',NULL,NULL,NULL,'달러테스트','002-15349870-209',NULL,NULL,NULL,5),('T',111,'TD',50000,134697087118,'2024-10-10 10:25:05.000000',NULL,NULL,NULL,'이예림','001-28900992-209',NULL,NULL,NULL,11),('T',111,'TW',50000,99762150,'2024-10-10 10:25:05.000000',NULL,NULL,NULL,'베테랑','002-12746689-209',NULL,NULL,NULL,10),('T',112,'ED',914.42,100010914.42,'2024-10-10 10:36:36.000000',NULL,NULL,NULL,'환전, 적용 환율: 1346.47','002-57629329-209',NULL,NULL,NULL,21),('T',112,'EW',1231230,85325370,'2024-10-10 10:36:36.000000',NULL,NULL,NULL,'환전, 적용 환율: 1346.47','002-57629329-209',NULL,NULL,NULL,20),('T',113,'ED',1361,104622798.07,'2024-10-10 10:38:46.000000',NULL,NULL,NULL,'환전, 적용 환율: 904.43','002-38164455-209',NULL,NULL,NULL,26),('T',113,'EW',12310,58128262,'2024-10-10 10:38:46.000000',NULL,NULL,NULL,'환전, 적용 환율: 904.43','002-38164455-209',NULL,NULL,NULL,13),('T',114,'ED',123003,58251265,'2024-10-10 10:43:13.000000',NULL,NULL,NULL,'재환전, 적용 환율: 904.43','002-38164455-209',NULL,NULL,NULL,13),('T',114,'EW',13613.33,104609184.74,'2024-10-10 10:43:13.000000',NULL,NULL,NULL,'재환전, 적용 환율: 904.43','002-38164455-209',NULL,NULL,NULL,26),('T',115,'TD',10000,134697097118,'2024-10-10 10:44:07.000000',NULL,NULL,NULL,'이예림','001-28900992-209',NULL,NULL,NULL,11),('T',115,'TW',10000,99752150,'2024-10-10 10:44:07.000000',NULL,NULL,NULL,'베테랑','002-12746689-209',NULL,NULL,NULL,10),('T',116,'ED',904426383,5181430002,'2024-10-10 10:45:56.000000',NULL,NULL,NULL,'재환전, 적용 환율: 904.43','002-08314162-209',NULL,NULL,NULL,43),('T',116,'EW',99999553.87,0,'2024-10-10 10:45:56.000000',NULL,NULL,NULL,'재환전, 적용 환율: 904.43','002-08314162-209',NULL,NULL,NULL,51),('T',117,'ED',678.03,100000678.03,'2024-10-10 10:46:56.000000',NULL,NULL,NULL,'환전, 적용 환율: 1474.88','002-12746689-209',NULL,NULL,NULL,73),('T',117,'EW',1000000,134696097118,'2024-10-10 10:46:56.000000',NULL,NULL,NULL,'환전, 적용 환율: 1474.88','002-12746689-209',NULL,NULL,NULL,11),('T',118,'ED',122,122,'2024-10-10 10:49:51.000000',NULL,NULL,NULL,'환전, 적용 환율: 904.43','002-08314162-209',NULL,NULL,NULL,51),('T',118,'EW',1110,5181428892,'2024-10-10 10:49:51.000000',NULL,NULL,NULL,'환전, 적용 환율: 904.43','002-08314162-209',NULL,NULL,NULL,43),('T',119,'ED',905,5181429797,'2024-10-10 10:51:57.000000',NULL,NULL,NULL,'재환전, 적용 환율: 904.43','002-08314162-209',NULL,NULL,NULL,43),('T',119,'EW',110.57,11.43,'2024-10-10 10:51:57.000000',NULL,NULL,NULL,'재환전, 적용 환율: 904.43','002-08314162-209',NULL,NULL,NULL,51),('T',120,'ED',111,122.43,'2024-10-10 10:54:10.000000',NULL,NULL,NULL,'환전, 적용 환율: 904.43','002-08314162-209',NULL,NULL,NULL,51),('T',120,'EW',1000,5181428797,'2024-10-10 10:54:10.000000',NULL,NULL,NULL,'환전, 적용 환율: 904.43','002-08314162-209',NULL,NULL,NULL,43),('T',121,'ED',122,244.43,'2024-10-10 10:54:37.000000',NULL,NULL,NULL,'환전, 적용 환율: 904.43','002-08314162-209',NULL,NULL,NULL,51),('T',121,'EW',1100,5181427697,'2024-10-10 10:54:37.000000',NULL,NULL,NULL,'환전, 적용 환율: 904.43','002-08314162-209',NULL,NULL,NULL,43),('T',122,'ED',905,5181428602,'2024-10-10 10:56:24.000000',NULL,NULL,NULL,'재환전, 적용 환율: 904.43','002-08314162-209',NULL,NULL,NULL,43),('T',122,'EW',110.57,133.86,'2024-10-10 10:56:24.000000',NULL,NULL,NULL,'재환전, 적용 환율: 904.43','002-08314162-209',NULL,NULL,NULL,51),('T',123,'TD',50000,1007710001,'2024-10-10 12:11:21.000000',NULL,NULL,NULL,'김지나','001-95728553-209',NULL,NULL,NULL,7),('T',123,'TW',50000,99750000,'2024-10-10 12:11:21.000000',NULL,NULL,NULL,'해지테스트','002-40733943-209',NULL,NULL,NULL,5),('T',124,'ED',91432588.09,91432588.09,'2024-10-10 12:49:52.000000',NULL,NULL,NULL,'환전, 적용 환율: 1346.6','002-87425493-209',NULL,NULL,NULL,9),('T',124,'EW',123123123120,11502970118,'2024-10-10 12:49:52.000000',NULL,NULL,NULL,'환전, 적용 환율: 1346.6','002-87425493-209',NULL,NULL,NULL,6),('T',125,'TD',75000,100209329,'2024-10-10 12:51:54.000000',NULL,NULL,NULL,'김지나','001-95728553-209',NULL,NULL,NULL,27),('T',125,'TW',75000,99675000,'2024-10-10 12:51:54.000000',NULL,NULL,NULL,'아상관없을것같은데','002-37489133-209',NULL,NULL,NULL,5),('T',126,'TD',10000,134696107118,'2024-10-10 12:59:13.000000',NULL,NULL,NULL,'갤갤아','001-98712056-209',NULL,NULL,NULL,11),('T',126,'TW',10000,99975000,'2024-10-10 12:59:13.000000',NULL,NULL,NULL,'이예림','002-12746689-209',NULL,NULL,NULL,30),('T',127,'TD',10000,134696117118,'2024-10-10 13:00:49.000000',NULL,NULL,NULL,'갤갤아','001-98712056-209',NULL,NULL,NULL,11),('T',127,'TW',10000,99965000,'2024-10-10 13:00:49.000000',NULL,NULL,NULL,'이예림','002-12746689-209',NULL,NULL,NULL,30),('T',128,'TD',10000,134696127118,'2024-10-10 13:02:47.000000',NULL,NULL,NULL,'갤갤아','001-98712056-209',NULL,NULL,NULL,11),('T',128,'TW',10000,99955000,'2024-10-10 13:02:47.000000',NULL,NULL,NULL,'베테랑','002-12746689-209',NULL,NULL,NULL,30),('T',129,'TD',100000,11503070118,'2024-10-10 13:05:13.000000',NULL,NULL,NULL,'이재용','001-50771340-209',NULL,NULL,NULL,6),('T',129,'TW',100000,99900000,'2024-10-10 13:05:13.000000',NULL,NULL,NULL,'일본 가고싶다','002-87425493-209',NULL,NULL,NULL,37),('T',130,'ED',122,104609306.74,'2024-10-10 13:27:40.000000',NULL,NULL,NULL,'환전, 적용 환율: 904.36','002-38164455-209',NULL,NULL,NULL,26),('T',130,'EW',1110,58250155,'2024-10-10 13:27:40.000000',NULL,NULL,NULL,'환전, 적용 환율: 904.36','002-38164455-209',NULL,NULL,NULL,13),('T',131,'TD',50000,100050000,'2024-10-10 13:53:00.000000',NULL,NULL,NULL,'테스트','001-21942327-209',NULL,NULL,NULL,88),('T',131,'TW',50000,99950000,'2024-10-10 13:53:00.000000',NULL,NULL,NULL,'뒤로가기테스트','002-35555653-209',NULL,NULL,NULL,85),('T',132,'ED',1000,100001000,'2024-10-10 13:54:31.000000',NULL,NULL,NULL,'환전, 적용 환율: 1346.84','002-35555653-209',NULL,NULL,NULL,89),('T',132,'EW',1346840,98703160,'2024-10-10 13:54:31.000000',NULL,NULL,NULL,'환전, 적용 환율: 1346.84','002-35555653-209',NULL,NULL,NULL,88),('T',133,'ED',1346840,100050000,'2024-10-10 13:56:35.000000',NULL,NULL,NULL,'재환전, 적용 환율: 1346.84','002-35555653-209',NULL,NULL,NULL,88),('T',133,'EW',1000,100000000,'2024-10-10 13:56:35.000000',NULL,NULL,NULL,'재환전, 적용 환율: 1346.84','002-35555653-209',NULL,NULL,NULL,89),('T',134,'ED',163780,100163780,'2024-10-10 14:05:31.000000',NULL,NULL,NULL,'재환전, 적용 환율: 1475.49','002-81709171-209',NULL,NULL,NULL,81),('T',134,'EW',111,99999889,'2024-10-10 14:05:31.000000',NULL,NULL,NULL,'재환전, 적용 환율: 1475.49','002-81709171-209',NULL,NULL,NULL,82),('C',135,'CW',150000,99900000,'2024-10-10 14:12:08.467200',1,'a9e21824-6691-4d4a-a04d-40cad48491a6',150000,NULL,NULL,6,1,1,NULL),('T',136,'ED',134666865333,134767074662,'2024-10-10 15:22:34.000000',NULL,NULL,NULL,'재환전, 적용 환율: 1346.67','002-37489133-209',NULL,NULL,NULL,27),('T',136,'EW',99999900,0,'2024-10-10 15:22:34.000000',NULL,NULL,NULL,'재환전, 적용 환율: 1346.67','002-37489133-209',NULL,NULL,NULL,28),('T',137,'ED',945448393,1003698548,'2024-10-10 15:23:57.000000',NULL,NULL,NULL,'재환전, 적용 환율: 903.79','002-38164455-209',NULL,NULL,NULL,13),('T',137,'EW',104609306,0.74,'2024-10-10 15:23:57.000000',NULL,NULL,NULL,'재환전, 적용 환율: 903.79','002-38164455-209',NULL,NULL,NULL,26),('T',138,'TD',100000,100100000,'2024-10-10 15:28:36.000000',NULL,NULL,NULL,'허동원','001-09659879-209',NULL,NULL,NULL,132),('T',138,'TW',100000,99900000,'2024-10-10 15:28:36.000000',NULL,NULL,NULL,'1월 여행','002-81059863-209',NULL,NULL,NULL,134),('T',139,'TD',100000,100200000,'2024-10-10 15:28:51.000000',NULL,NULL,NULL,'도경수','001-64212730-209',NULL,NULL,NULL,132),('T',139,'TW',100000,100195000,'2024-10-10 15:28:51.000000',NULL,NULL,NULL,'1월 여행','002-81059863-209',NULL,NULL,NULL,14),('C',140,'CW',150000,1007560001,'2024-10-10 15:45:58.988848',1,'b569b36b-6e2c-4d89-bfe1-765306b28c16',150000,NULL,NULL,2,1,1,NULL),('C',141,'CW',20,99999980,'2024-10-10 16:07:01.135546',1346.71,'0da578ff-1057-4eec-8299-726e11ddd6e0',26934.2,NULL,NULL,8,2,11,NULL),('C',142,'CW',200,99999780,'2024-10-10 16:07:09.905510',1346.71,'db614d54-8a08-457a-b493-860fe73dfa48',269342,NULL,NULL,8,2,12,NULL),('C',143,'CW',2000,99997780,'2024-10-10 16:07:13.622728',1346.71,'f1ad54f0-c7dd-4b37-96b0-1996d5171625',2693420,NULL,NULL,8,2,12,NULL),('C',144,'CW',100,99997680,'2024-10-10 16:07:22.336550',1346.71,'a274eb1e-47d1-4aa1-b57a-9927f411637c',134671,NULL,NULL,8,2,14,NULL),('C',145,'CW',1130,99996550,'2024-10-10 16:07:27.427328',1346.71,'ec70642b-531e-4436-9a38-dd7e968248a0',1521782.3,NULL,NULL,8,2,19,NULL),('C',146,'CW',113,99996437,'2024-10-10 16:07:45.297140',1346.71,'7533e4e7-58ce-4608-b12e-ec1f279c425d',152178.23,NULL,NULL,8,2,20,NULL),('C',147,'CW',120,99996317,'2024-10-10 16:07:53.894192',1346.71,'d8f7232f-51d0-4b1f-a97e-799a72433eea',161605.2,NULL,NULL,8,2,17,NULL),('C',148,'CW',120,99996197,'2024-10-10 16:08:20.841950',1346.71,'d0cc1443-29e0-4c29-9679-b495b6d671e6',161605.2,NULL,NULL,8,2,17,NULL),('C',149,'CW',120,99996077,'2024-10-10 16:08:23.830383',1346.71,'df521727-bd57-4296-b4e6-ea745a7aaa7f',161605.2,NULL,NULL,8,2,13,NULL),('C',150,'CW',120,99995957,'2024-10-10 16:08:33.909149',1346.71,'7b13b6dd-60d2-474b-aed0-ce2b7319b897',161605.2,NULL,NULL,8,2,15,NULL),('C',151,'CW',1500,99994457,'2024-10-10 16:08:38.497072',1346.71,'861a4bee-e0b4-41e8-940e-1b639ac1df9c',2020065,NULL,NULL,8,2,15,NULL),('C',152,'CW',15000,99979457,'2024-10-10 16:08:44.673000',1346.71,'3bb1809c-1943-4906-a17c-7d33da14d45c',20200650,NULL,NULL,8,2,19,NULL),('C',153,'CW',150000,99850000,'2024-10-10 16:08:59.965436',1,'70471f63-1615-4faf-a6ca-a0f298a2fd92',150000,NULL,NULL,8,1,5,NULL),('C',154,'CW',156000,99694000,'2024-10-10 16:09:06.048977',1,'402415cd-38f1-4ba3-82bd-afaf772ae4dd',156000,NULL,NULL,8,1,7,NULL),('C',155,'CW',26000,99668000,'2024-10-10 16:09:12.401856',1,'fbfb0d9f-240e-4e89-949c-14eb72dfbb04',26000,NULL,NULL,8,1,9,NULL),('C',156,'CW',126000,99542000,'2024-10-10 16:09:17.593206',1,'e61b651b-9a29-4a91-93df-e56d2d9a60b2',126000,NULL,NULL,8,1,10,NULL),('T',157,'TD',800000,100342000,'2024-10-10 16:12:21.000000',NULL,NULL,NULL,'허동원','001-09659879-209',NULL,NULL,NULL,139),('T',157,'TW',800000,99100000,'2024-10-10 16:12:21.000000',NULL,NULL,NULL,'미국여행','002-62313375-209',NULL,NULL,NULL,134),('T',158,'TD',500000,100842000,'2024-10-10 16:13:31.000000',NULL,NULL,NULL,'허동원','001-09659879-209',NULL,NULL,NULL,139),('T',158,'TW',500000,98600000,'2024-10-10 16:13:31.000000',NULL,NULL,NULL,'미국여행','002-62313375-209',NULL,NULL,NULL,134),('T',159,'TD',600000,101442000,'2024-10-10 16:15:10.000000',NULL,NULL,NULL,'허동원','001-09659879-209',NULL,NULL,NULL,139),('T',159,'TW',600000,98000000,'2024-10-10 16:15:10.000000',NULL,NULL,NULL,'미국여행','002-62313375-209',NULL,NULL,NULL,134),('T',160,'TD',150000,101592000,'2024-10-10 16:16:45.000000',NULL,NULL,NULL,'허동원','001-09659879-209',NULL,NULL,NULL,139),('T',160,'TW',150000,97850000,'2024-10-10 16:16:45.000000',NULL,NULL,NULL,'미국여행','002-62313375-209',NULL,NULL,NULL,134),('T',161,'TD',50000,101642000,'2024-10-10 16:23:36.000000',NULL,NULL,NULL,'허동원','001-09659879-209',NULL,NULL,NULL,139),('T',161,'TW',50000,97800000,'2024-10-10 16:23:36.000000',NULL,NULL,NULL,'미국여행','002-62313375-209',NULL,NULL,NULL,134),('T',162,'ED',13467100,1021027101,'2024-10-10 16:46:43.000000',NULL,NULL,NULL,'재환전, 적용 환율: 1346.71','002-40733943-209',NULL,NULL,NULL,7),('T',162,'EW',10000,99990000,'2024-10-10 16:46:43.000000',NULL,NULL,NULL,'재환전, 적용 환율: 1346.71','002-40733943-209',NULL,NULL,NULL,131),('T',163,'ED',13467100,1034494201,'2024-10-10 16:46:58.000000',NULL,NULL,NULL,'재환전, 적용 환율: 1346.71','002-40733943-209',NULL,NULL,NULL,7),('T',163,'EW',10000,99980000,'2024-10-10 16:46:58.000000',NULL,NULL,NULL,'재환전, 적용 환율: 1346.71','002-40733943-209',NULL,NULL,NULL,131),('T',164,'ED',3319,100003319,'2024-10-10 17:00:30.000000',NULL,NULL,NULL,'환전, 적용 환율: 904.4','002-22563642-209',NULL,NULL,NULL,126),('T',164,'EW',30000,99970000,'2024-10-10 17:00:30.000000',NULL,NULL,NULL,'환전, 적용 환율: 904.4','002-22563642-209',NULL,NULL,NULL,125),('T',165,'ED',6638,100006638,'2024-10-10 17:00:31.000000',NULL,NULL,NULL,'환전, 적용 환율: 904.4','002-28791108-209',NULL,NULL,NULL,148),('T',165,'EW',60000,99940000,'2024-10-10 17:00:31.000000',NULL,NULL,NULL,'환전, 적용 환율: 904.4','002-28791108-209',NULL,NULL,NULL,147),('T',166,'ED',3319,100003319,'2024-10-10 17:00:31.000000',NULL,NULL,NULL,'환전, 적용 환율: 904.4','002-10458360-209',NULL,NULL,NULL,150),('T',166,'EW',30000,99970000,'2024-10-10 17:00:31.000000',NULL,NULL,NULL,'환전, 적용 환율: 904.4','002-10458360-209',NULL,NULL,NULL,149),('T',167,'SW',10000,1034484201,'2024-10-10 17:12:49.000000',NULL,NULL,NULL,'자동 정산 출금',NULL,NULL,NULL,NULL,7),('T',168,'SD',10000,99685000,'2024-10-10 17:12:50.000000',NULL,NULL,NULL,'[해지테스트] 자동 정산 입금',NULL,NULL,NULL,NULL,5),('T',169,'SW',100,99979900,'2024-10-10 17:14:42.000000',NULL,NULL,NULL,'자동 정산 출금',NULL,NULL,NULL,NULL,131),('T',170,'SD',134720,99819720,'2024-10-10 17:14:43.000000',NULL,NULL,NULL,'[해지테스트] 자동 정산 입금',NULL,NULL,NULL,NULL,5),('T',171,'ED',67360,1034551561,'2024-10-10 17:16:45.000000',NULL,NULL,NULL,'재환전, 적용 환율: 1347.2','002-40733943-209',NULL,NULL,NULL,7),('T',171,'EW',50,99979850,'2024-10-10 17:16:45.000000',NULL,NULL,NULL,'재환전, 적용 환율: 1347.2','002-40733943-209',NULL,NULL,NULL,131),('T',172,'SW',77360,1034474201,'2024-10-10 17:16:46.000000',NULL,NULL,NULL,'자동 정산 출금',NULL,NULL,NULL,NULL,7),('T',173,'SD',77360,99897080,'2024-10-10 17:16:46.000000',NULL,NULL,NULL,'[해지테스트] 자동 정산 입금',NULL,NULL,NULL,NULL,5),('T',174,'SW',100,99979750,'2024-10-10 17:17:26.000000',NULL,NULL,NULL,'자동 정산 출금',NULL,NULL,NULL,NULL,131),('T',175,'SD',134720,100031800,'2024-10-10 17:17:27.000000',NULL,NULL,NULL,'[해지테스트] 자동 정산 입금',NULL,NULL,NULL,NULL,5),('T',176,'SW',50,99979700,'2024-10-10 17:20:13.000000',NULL,NULL,NULL,'자동 정산 출금',NULL,NULL,NULL,NULL,131),('T',177,'SD',67360,100099160,'2024-10-10 17:20:14.000000',NULL,NULL,NULL,'[해지테스트] 자동 정산 입금',NULL,NULL,NULL,NULL,5),('T',178,'SW',500000,1033974201,'2024-10-10 17:20:30.000000',NULL,NULL,NULL,'자동 정산 출금',NULL,NULL,NULL,NULL,7),('T',179,'SD',500000,100599160,'2024-10-10 17:20:30.000000',NULL,NULL,NULL,'[해지테스트] 자동 정산 입금',NULL,NULL,NULL,NULL,5),('T',180,'ED',13472,1033987673,'2024-10-10 17:21:49.000000',NULL,NULL,NULL,'재환전, 적용 환율: 1347.2','002-40733943-209',NULL,NULL,NULL,7),('T',180,'EW',10,99979690,'2024-10-10 17:21:49.000000',NULL,NULL,NULL,'재환전, 적용 환율: 1347.2','002-40733943-209',NULL,NULL,NULL,131),('T',181,'SW',13872,1033973801,'2024-10-10 17:21:49.000000',NULL,NULL,NULL,'자동 정산 출금',NULL,NULL,NULL,NULL,7),('T',182,'SD',13872,100613032,'2024-10-10 17:21:50.000000',NULL,NULL,NULL,'[해지테스트] 자동 정산 입금',NULL,NULL,NULL,NULL,5),('T',183,'SW',50,99979640,'2024-10-10 18:00:33.000000',NULL,NULL,NULL,'자동 정산 출금',NULL,NULL,NULL,NULL,131),('T',184,'SD',67360,100680392,'2024-10-10 18:00:34.000000',NULL,NULL,NULL,'[해지테스트] 자동 정산 입금',NULL,NULL,NULL,NULL,5),('T',185,'SW',100,99979357,'2024-10-10 19:49:01.000000',NULL,NULL,NULL,'자동 정산 출금',NULL,NULL,NULL,NULL,140),('T',186,'SD',134727,100134727,'2024-10-10 19:49:01.000000',NULL,NULL,NULL,'[미국여행] 자동 정산 입금',NULL,NULL,NULL,NULL,138),('T',187,'SW',100,99979257,'2024-10-10 19:53:39.000000',NULL,NULL,NULL,'자동 정산 출금',NULL,NULL,NULL,NULL,140),('T',188,'SD',134727,100269454,'2024-10-10 19:53:39.000000',NULL,NULL,NULL,'[미국여행] 자동 정산 입금',NULL,NULL,NULL,NULL,138),('T',189,'SW',100,99979157,'2024-10-10 19:55:16.000000',NULL,NULL,NULL,'자동 정산 출금',NULL,NULL,NULL,NULL,140),('T',190,'SD',134727,100404181,'2024-10-10 19:55:16.000000',NULL,NULL,NULL,'[미국여행] 자동 정산 입금',NULL,NULL,NULL,NULL,138),('T',191,'SW',100,99979057,'2024-10-10 19:57:18.000000',NULL,NULL,NULL,'자동 정산 출금',NULL,NULL,NULL,NULL,140),('T',192,'SD',134727,100538908,'2024-10-10 19:57:18.000000',NULL,NULL,NULL,'[미국여행] 자동 정산 입금',NULL,NULL,NULL,NULL,138),('T',193,'SW',100,99978957,'2024-10-10 20:15:41.000000',NULL,NULL,NULL,'자동 정산 출금',NULL,NULL,NULL,NULL,140),('T',194,'SD',134798,100673706,'2024-10-10 20:15:42.000000',NULL,NULL,NULL,'[미국여행] 자동 정산 입금',NULL,NULL,NULL,NULL,138),('T',195,'SW',100,99978857,'2024-10-10 20:29:28.000000',NULL,NULL,NULL,'자동 정산 출금',NULL,NULL,NULL,NULL,140),('T',196,'SD',67399,100741105,'2024-10-10 20:29:29.000000',NULL,NULL,NULL,'[미국여행] 자동 정산 입금',NULL,NULL,NULL,NULL,138),('T',197,'SD',67399,99322399,'2024-10-10 20:29:29.000000',NULL,NULL,NULL,'[미국여행] 자동 정산 입금',NULL,NULL,NULL,NULL,1),('T',198,'TD',126000,101768000,'2024-10-10 22:25:01.000000',NULL,NULL,NULL,'허동원','001-09659879-209',NULL,NULL,NULL,139),('T',198,'TW',126000,97674000,'2024-10-10 22:25:01.000000',NULL,NULL,NULL,'미국여행','002-62313375-209',NULL,NULL,NULL,134),('T',199,'TD',50000,101818000,'2024-10-10 22:25:54.000000',NULL,NULL,NULL,'양세종','001-11571503-209',NULL,NULL,NULL,139),('T',199,'TW',50000,100691105,'2024-10-10 22:25:54.000000',NULL,NULL,NULL,'미국여행','002-62313375-209',NULL,NULL,NULL,138),('T',200,'ED',165956261,265956261,'2024-10-10 22:35:59.000000',NULL,NULL,NULL,'재환전, 적용 환율: 1347.89','002-84500531-209',NULL,NULL,NULL,38),('T',200,'EW',123123,99876877,'2024-10-10 22:35:59.000000',NULL,NULL,NULL,'재환전, 적용 환율: 1347.89','002-84500531-209',NULL,NULL,NULL,72),('T',201,'ED',123,99979763,'2024-10-10 23:02:10.000000',NULL,NULL,NULL,'환전, 적용 환율: 1347.93','002-40733943-209',NULL,NULL,NULL,131),('T',201,'EW',165790,1033808011,'2024-10-10 23:02:10.000000',NULL,NULL,NULL,'환전, 적용 환율: 1347.93','002-40733943-209',NULL,NULL,NULL,7),('T',202,'SW',50,99979713,'2024-10-10 23:04:44.000000',NULL,NULL,NULL,'자동 정산 출금',NULL,NULL,NULL,NULL,131),('T',203,'SD',67397,100747789,'2024-10-10 23:04:44.000000',NULL,NULL,NULL,'[해지테스트] 자동 정산 입금',NULL,NULL,NULL,NULL,5),('T',204,'SW',30,99979683,'2024-10-10 23:05:16.000000',NULL,NULL,NULL,'자동 정산 출금',NULL,NULL,NULL,NULL,131),('T',205,'SD',40438,100788227,'2024-10-10 23:05:17.000000',NULL,NULL,NULL,'[해지테스트] 자동 정산 입금',NULL,NULL,NULL,NULL,5),('T',206,'SW',20,99979663,'2024-10-10 23:06:30.000000',NULL,NULL,NULL,'자동 정산 출금',NULL,NULL,NULL,NULL,131),('T',207,'SD',26959,100815186,'2024-10-10 23:06:31.000000',NULL,NULL,NULL,'[해지테스트] 자동 정산 입금',NULL,NULL,NULL,NULL,5),('T',208,'SW',21,99979642,'2024-10-10 23:06:55.000000',NULL,NULL,NULL,'자동 정산 출금',NULL,NULL,NULL,NULL,131),('T',209,'SD',28307,100843493,'2024-10-10 23:06:55.000000',NULL,NULL,NULL,'[해지테스트] 자동 정산 입금',NULL,NULL,NULL,NULL,5),('T',210,'ED',914.99,200009345.36,'2024-10-10 23:24:19.000000',NULL,NULL,NULL,'환전, 적용 환율: 1347.93','002-15349870-209',NULL,NULL,NULL,25),('T',210,'EW',1233330,402946631452,'2024-10-10 23:24:19.000000',NULL,NULL,NULL,'환전, 적용 환율: 1347.93','002-15349870-209',NULL,NULL,NULL,18),('T',211,'ED',123,99979765,'2024-10-10 23:25:47.000000',NULL,NULL,NULL,'환전, 적용 환율: 1347.93','002-40733943-209',NULL,NULL,NULL,131),('T',211,'EW',165790,1033642221,'2024-10-10 23:25:47.000000',NULL,NULL,NULL,'환전, 적용 환율: 1347.93','002-40733943-209',NULL,NULL,NULL,7),('T',212,'ED',123,99979888,'2024-10-10 23:38:31.000000',NULL,NULL,NULL,'환전, 적용 환율: 1347.93','002-40733943-209',NULL,NULL,NULL,131),('T',212,'EW',165790,1033476431,'2024-10-10 23:38:31.000000',NULL,NULL,NULL,'환전, 적용 환율: 1347.93','002-40733943-209',NULL,NULL,NULL,7),('T',213,'ED',165796,134767240458,'2024-10-10 23:41:30.000000',NULL,NULL,NULL,'재환전, 적용 환율: 1347.93','002-37489133-209',NULL,NULL,NULL,27),('T',213,'EW',123,99999877,'2024-10-10 23:41:30.000000',NULL,NULL,NULL,'재환전, 적용 환율: 1347.93','002-37489133-209',NULL,NULL,NULL,151),('T',214,'ED',123,100000000,'2024-10-10 23:44:16.000000',NULL,NULL,NULL,'환전, 적용 환율: 1347.93','002-37489133-209',NULL,NULL,NULL,151),('T',214,'EW',165790,134767074668,'2024-10-10 23:44:16.000000',NULL,NULL,NULL,'환전, 적용 환율: 1347.93','002-37489133-209',NULL,NULL,NULL,27),('T',215,'ED',165796,1033642227,'2024-10-10 23:54:47.000000',NULL,NULL,NULL,'재환전, 적용 환율: 1347.93','002-40733943-209',NULL,NULL,NULL,7),('T',215,'EW',123,99979765,'2024-10-10 23:54:47.000000',NULL,NULL,NULL,'재환전, 적용 환율: 1347.93','002-40733943-209',NULL,NULL,NULL,131),('T',216,'ED',123,200009468.36,'2024-10-10 23:59:02.000000',NULL,NULL,NULL,'환전, 적용 환율: 1347.93','002-15349870-209',NULL,NULL,NULL,25),('T',216,'EW',165790,402946465662,'2024-10-10 23:59:02.000000',NULL,NULL,NULL,'환전, 적용 환율: 1347.93','002-15349870-209',NULL,NULL,NULL,18),('T',217,'ED',12334,402946477996,'2024-10-10 23:59:26.000000',NULL,NULL,NULL,'재환전, 적용 환율: 1347.93','002-15349870-209',NULL,NULL,NULL,18),('T',217,'EW',9.15,200009459.21,'2024-10-10 23:59:26.000000',NULL,NULL,NULL,'재환전, 적용 환율: 1347.93','002-15349870-209',NULL,NULL,NULL,25),('T',218,'ED',1663453,402948141449,'2024-10-11 00:00:54.000000',NULL,NULL,NULL,'재환전, 적용 환율: 1349.11','002-15349870-209',NULL,NULL,NULL,18),('T',218,'EW',1233,200008226.21,'2024-10-11 00:00:54.000000',NULL,NULL,NULL,'재환전, 적용 환율: 1349.11','002-15349870-209',NULL,NULL,NULL,25),('T',219,'D',5000,99327399,'2024-10-11 00:06:29.000000',NULL,NULL,NULL,'월급 입금',NULL,NULL,NULL,NULL,1),('T',220,'ED',185.31,100000185.31,'2024-10-11 00:06:55.000000',NULL,NULL,NULL,'환전, 적용 환율: 1349.11','002-53158933-209',NULL,NULL,NULL,137),('T',220,'EW',250000,99750000,'2024-10-11 00:06:55.000000',NULL,NULL,NULL,'환전, 적용 환율: 1349.11','002-53158933-209',NULL,NULL,NULL,3),('T',221,'TD',97674000,199492000,'2024-10-11 00:20:30.000000',NULL,NULL,NULL,'허동원','001-09659879-209',NULL,NULL,NULL,139),('T',221,'TW',97674000,0,'2024-10-11 00:20:30.000000',NULL,NULL,NULL,'미국여행','002-62313375-209',NULL,NULL,NULL,134),('T',222,'TD',50000,1033692227,'2024-10-11 00:49:14.000000',NULL,NULL,NULL,'김지나','001-95728553-209',NULL,NULL,NULL,7),('T',222,'TW',50000,100793493,'2024-10-11 00:49:14.000000',NULL,NULL,NULL,'해지테스트','002-40733943-209',NULL,NULL,NULL,5),('T',223,'TD',10000,1033702227,'2024-10-11 00:49:40.000000',NULL,NULL,NULL,'김지나','001-95728553-209',NULL,NULL,NULL,7),('T',223,'TW',10000,100783493,'2024-10-11 00:49:40.000000',NULL,NULL,NULL,'해지테스트','002-40733943-209',NULL,NULL,NULL,5),('T',224,'TD',50000,1033752227,'2024-10-11 00:50:34.000000',NULL,NULL,NULL,'김지나','001-95728553-209',NULL,NULL,NULL,7),('T',224,'TW',50000,100733493,'2024-10-11 00:50:34.000000',NULL,NULL,NULL,'해지테스트','002-40733943-209',NULL,NULL,NULL,5),('T',225,'TD',10000,1033762227,'2024-10-11 00:50:53.000000',NULL,NULL,NULL,'김지나','001-95728553-209',NULL,NULL,NULL,7),('T',225,'TW',10000,100723493,'2024-10-11 00:50:53.000000',NULL,NULL,NULL,'해지테스트','002-40733943-209',NULL,NULL,NULL,5),('T',226,'SW',1000,99977857,'2024-10-11 00:53:19.000000',NULL,NULL,NULL,'자동 정산 출금',NULL,NULL,NULL,NULL,140),('T',227,'SD',449704,101140809,'2024-10-11 00:53:20.000000',NULL,NULL,NULL,'[미국여행] 자동 정산 입금',NULL,NULL,NULL,NULL,138),('T',228,'SD',449703,449703,'2024-10-11 00:53:20.000000',NULL,NULL,NULL,'[미국여행] 자동 정산 입금',NULL,NULL,NULL,NULL,134),('T',229,'SD',449703,99777102,'2024-10-11 00:53:20.000000',NULL,NULL,NULL,'[미국여행] 자동 정산 입금',NULL,NULL,NULL,NULL,1),('T',230,'ED',13492,199505492,'2024-10-11 00:54:03.000000',NULL,NULL,NULL,'재환전, 적용 환율: 1349.11','002-62313375-209',NULL,NULL,NULL,139),('T',230,'EW',10,99977847,'2024-10-11 00:54:03.000000',NULL,NULL,NULL,'재환전, 적용 환율: 1349.11','002-62313375-209',NULL,NULL,NULL,140),('T',231,'SW',113492,199392000,'2024-10-11 00:54:03.000000',NULL,NULL,NULL,'자동 정산 출금',NULL,NULL,NULL,NULL,139),('T',232,'SD',113492,101254301,'2024-10-11 00:54:04.000000',NULL,NULL,NULL,'[미국여행] 자동 정산 입금',NULL,NULL,NULL,NULL,138),('T',233,'TD',50000,50000,'2024-10-11 01:14:59.000000',NULL,NULL,NULL,'박예진','001-01455925-209',NULL,NULL,NULL,189),('T',233,'TW',50000,450000,'2024-10-11 01:14:59.000000',NULL,NULL,NULL,'SSAFY 11기 1반','002-75381098-209',NULL,NULL,NULL,188),('T',234,'TD',100000,150000,'2024-10-11 01:15:36.000000',NULL,NULL,NULL,'박예진','001-01455925-209',NULL,NULL,NULL,189),('T',234,'TW',100000,350000,'2024-10-11 01:15:36.000000',NULL,NULL,NULL,'SSAFY 11기 1반','002-75381098-209',NULL,NULL,NULL,188),('T',235,'ED',100,100,'2024-10-11 01:15:48.000000',NULL,NULL,NULL,'환전, 적용 환율: 1349.55','002-75381098-209',NULL,NULL,NULL,190),('T',235,'EW',134950,15050,'2024-10-11 01:15:48.000000',NULL,NULL,NULL,'환전, 적용 환율: 1349.55','002-75381098-209',NULL,NULL,NULL,189),('T',236,'TD',150000,1033912227,'2024-10-11 01:32:54.000000',NULL,NULL,NULL,'김지나','001-95728553-209',NULL,NULL,NULL,7),('T',236,'TW',150000,100573493,'2024-10-11 01:32:54.000000',NULL,NULL,NULL,'해지테스트','002-40733943-209',NULL,NULL,NULL,5),('T',237,'ED',123,91432711.09,'2024-10-11 02:36:36.000000',NULL,NULL,NULL,'환전, 적용 환율: 1349.66','002-87425493-209',NULL,NULL,NULL,9),('T',237,'EW',166000,11502904118,'2024-10-11 02:36:36.000000',NULL,NULL,NULL,'환전, 적용 환율: 1349.66','002-87425493-209',NULL,NULL,NULL,6),('T',238,'TD',100000,1034012227,'2024-10-11 02:40:08.000000',NULL,NULL,NULL,'박민규','001-55504450-209',NULL,NULL,NULL,7),('T',238,'TW',100000,99900000,'2024-10-11 02:40:08.000000',NULL,NULL,NULL,'김지나','002-40733943-209',NULL,NULL,NULL,4),('T',239,'TD',100000,11503004118,'2024-10-11 02:55:59.000000',NULL,NULL,NULL,'박민규','001-55504450-209',NULL,NULL,NULL,6),('T',239,'TW',100000,99800000,'2024-10-11 02:55:59.000000',NULL,NULL,NULL,'일본 가고싶다','002-87425493-209',NULL,NULL,NULL,4),('T',240,'ED',123,91432834.09,'2024-10-11 02:56:54.000000',NULL,NULL,NULL,'환전, 적용 환율: 1349.66','002-87425493-209',NULL,NULL,NULL,9),('T',240,'EW',166000,11502838118,'2024-10-11 02:56:54.000000',NULL,NULL,NULL,'환전, 적용 환율: 1349.66','002-87425493-209',NULL,NULL,NULL,6),('T',241,'ED',1646586,11504484704,'2024-10-11 02:59:04.000000',NULL,NULL,NULL,'재환전, 적용 환율: 1349.66','002-87425493-209',NULL,NULL,NULL,6),('T',241,'EW',1220,91431614.09,'2024-10-11 02:59:04.000000',NULL,NULL,NULL,'재환전, 적용 환율: 1349.66','002-87425493-209',NULL,NULL,NULL,9),('T',242,'ED',148.16,99977995.16,'2024-10-11 03:03:13.000000',NULL,NULL,NULL,'환전, 적용 환율: 1349.98','002-62313375-209',NULL,NULL,NULL,140),('T',242,'EW',200000,199192000,'2024-10-11 03:03:13.000000',NULL,NULL,NULL,'환전, 적용 환율: 1349.98','002-62313375-209',NULL,NULL,NULL,139),('T',243,'ED',222.23,99978217.39,'2024-10-11 03:09:06.000000',NULL,NULL,NULL,'환전, 적용 환율: 1349.98','002-62313375-209',NULL,NULL,NULL,140),('T',243,'EW',300000,198892000,'2024-10-11 03:09:06.000000',NULL,NULL,NULL,'환전, 적용 환율: 1349.98','002-62313375-209',NULL,NULL,NULL,139),('T',244,'ED',166048,11504650752,'2024-10-11 03:32:27.000000',NULL,NULL,NULL,'재환전, 적용 환율: 1349.98','002-87425493-209',NULL,NULL,NULL,6),('T',244,'EW',123,91431491.09,'2024-10-11 03:32:27.000000',NULL,NULL,NULL,'재환전, 적용 환율: 1349.98','002-87425493-209',NULL,NULL,NULL,9),('T',245,'TD',500000,500000,'2024-10-11 04:07:15.000000',NULL,NULL,NULL,'허동원','001-29510796-209',NULL,NULL,NULL,217),('T',245,'TW',500000,500000,'2024-10-11 04:07:15.000000',NULL,NULL,NULL,'미국 여행','002-21728511-209',NULL,NULL,NULL,213),('T',246,'TD',500000,1000000,'2024-10-11 04:07:16.000000',NULL,NULL,NULL,'박예진','001-37702010-209',NULL,NULL,NULL,217),('T',246,'TW',500000,500000,'2024-10-11 04:07:16.000000',NULL,NULL,NULL,'미국 여행','002-21728511-209',NULL,NULL,NULL,216),('T',247,'TD',500000,1500000,'2024-10-11 04:07:17.000000',NULL,NULL,NULL,'이성현','001-20472050-209',NULL,NULL,NULL,217),('T',247,'TW',500000,500000,'2024-10-11 04:07:17.000000',NULL,NULL,NULL,'미국 여행','002-21728511-209',NULL,NULL,NULL,215),('T',248,'TD',500000,2000000,'2024-10-11 04:07:22.000000',NULL,NULL,NULL,'이진주','001-51316064-209',NULL,NULL,NULL,217),('T',248,'TW',500000,500000,'2024-10-11 04:07:22.000000',NULL,NULL,NULL,'미국 여행','002-21728511-209',NULL,NULL,NULL,214),('T',249,'ED',750,750,'2024-10-11 04:08:08.000000',NULL,NULL,NULL,'환전, 적용 환율: 1349.86','002-21728511-209',NULL,NULL,NULL,218),('T',249,'EW',1012390,987610,'2024-10-11 04:08:08.000000',NULL,NULL,NULL,'환전, 적용 환율: 1349.86','002-21728511-209',NULL,NULL,NULL,217),('C',250,'CW',23500,964110,'2024-10-11 04:10:22.563037',1,'b789e6f8-205e-4215-952d-1ca8da5cf6b4',23500,NULL,NULL,10,1,3,NULL),('C',251,'CW',800000,164110,'2024-10-11 04:11:07.945181',1,'d90399f3-6ba3-418f-a86a-374b4d0fd4c9',800000,NULL,NULL,10,1,4,NULL),('C',252,'CW',25,725,'2024-10-11 04:11:29.915894',1349.86,'dafd6697-2124-43c3-a4da-721b497e4bbf',33746.5,NULL,NULL,10,2,11,NULL),('C',253,'CW',67,658,'2024-10-11 04:12:15.399879',1349.86,'383effd6-4506-427a-ae0a-7f18709046dd',90440.62,NULL,NULL,10,2,12,NULL),('C',254,'CW',200,458,'2024-10-11 04:13:43.758951',1349.86,'c02ca9e9-1c20-4778-a226-254841b6b8a9',269972,NULL,NULL,10,2,17,NULL),('C',255,'CW',30,428,'2024-10-11 04:14:30.072015',1349.86,'26170ba1-8e77-4c31-a9f7-2e70b470dcbf',40495.8,NULL,NULL,10,2,18,NULL),('C',256,'CW',55,373,'2024-10-11 04:14:37.073607',1349.86,'0c5cb69b-f0d0-4163-9a60-756fc41b795b',74242.3,NULL,NULL,10,2,19,NULL),('C',257,'CW',10,363,'2024-10-11 04:14:44.580256',1349.86,'2ea996f1-6b49-42b9-aac1-74bd9b26907f',13498.6,NULL,NULL,10,2,20,NULL),('C',258,'CW',34500,129610,'2024-10-11 04:15:17.973372',1,'c181c4f0-77f2-4997-8f6d-cbd7844611ed',34500,NULL,NULL,10,1,9,NULL),('C',259,'CW',100000,29610,'2024-10-11 04:15:31.066481',1,'46a8a991-4615-43fe-a390-8e708f5af737',100000,NULL,NULL,10,1,6,NULL),('T',260,'TD',6749,36359,'2024-10-11 04:18:07.000000',NULL,NULL,NULL,'이성현','001-20472050-209',NULL,NULL,NULL,217),('T',260,'TW',6749,493251,'2024-10-11 04:18:07.000000',NULL,NULL,NULL,'미국 여행','002-21728511-209',NULL,NULL,NULL,215),('T',261,'TD',6750,43109,'2024-10-11 04:18:19.000000',NULL,NULL,NULL,'허동원','001-29510796-209',NULL,NULL,NULL,217),('T',261,'TW',6750,493250,'2024-10-11 04:18:19.000000',NULL,NULL,NULL,'미국 여행','002-21728511-209',NULL,NULL,NULL,213),('T',262,'TD',500000,500000,'2024-10-11 04:32:26.000000',NULL,NULL,NULL,'이성현','001-61682899-209',NULL,NULL,NULL,222),('T',262,'TW',500000,500000,'2024-10-11 04:32:26.000000',NULL,NULL,NULL,'미국 가자','002-49737058-209',NULL,NULL,NULL,219),('T',263,'TD',500000,1000000,'2024-10-11 04:32:26.000000',NULL,NULL,NULL,'허동원','001-93246409-209',NULL,NULL,NULL,222),('T',263,'TW',500000,500000,'2024-10-11 04:32:26.000000',NULL,NULL,NULL,'미국 가자','002-49737058-209',NULL,NULL,NULL,220),('T',264,'ED',200,200,'2024-10-11 04:33:14.000000',NULL,NULL,NULL,'환전, 적용 환율: 1349.86','002-49737058-209',NULL,NULL,NULL,223),('T',264,'EW',269970,730030,'2024-10-11 04:33:14.000000',NULL,NULL,NULL,'환전, 적용 환율: 1349.86','002-49737058-209',NULL,NULL,NULL,222),('T',265,'SW',200,0,'2024-10-11 04:35:49.000000',NULL,NULL,NULL,'자동 정산 출금',NULL,NULL,NULL,NULL,223),('T',266,'SD',67493,1067493,'2024-10-11 04:35:49.000000',NULL,NULL,NULL,'[미국 가자] 자동 정산 입금',NULL,NULL,NULL,NULL,221),('T',267,'SD',67493,560744,'2024-10-11 04:35:50.000000',NULL,NULL,NULL,'[미국 가자] 자동 정산 입금',NULL,NULL,NULL,NULL,215),('T',268,'SD',67493,567493,'2024-10-11 04:35:50.000000',NULL,NULL,NULL,'[미국 가자] 자동 정산 입금',NULL,NULL,NULL,NULL,220),('T',269,'SD',67493,567493,'2024-10-11 04:35:50.000000',NULL,NULL,NULL,'[미국 가자] 자동 정산 입금',NULL,NULL,NULL,NULL,219),('T',270,'TD',500000,500000,'2024-10-11 04:36:27.000000',NULL,NULL,NULL,'김싸피','001-31420461-209',NULL,NULL,NULL,225),('T',270,'TW',500000,500000,'2024-10-11 04:36:27.000000',NULL,NULL,NULL,'여행 가자','002-53087699-209',NULL,NULL,NULL,224),('T',271,'TD',300000,1030030,'2024-10-11 04:36:28.000000',NULL,NULL,NULL,'테스트','001-27160711-209',NULL,NULL,NULL,222),('T',271,'TW',300000,767493,'2024-10-11 04:36:28.000000',NULL,NULL,NULL,'미국 가자','002-49737058-209',NULL,NULL,NULL,221),('T',272,'ED',100,100,'2024-10-11 04:37:20.000000',NULL,NULL,NULL,'환전, 적용 환율: 1349.86','002-53087699-209',NULL,NULL,NULL,226),('T',272,'EW',134980,365020,'2024-10-11 04:37:20.000000',NULL,NULL,NULL,'환전, 적용 환율: 1349.86','002-53087699-209',NULL,NULL,NULL,225),('T',273,'ED',134986,500006,'2024-10-11 04:38:08.000000',NULL,NULL,NULL,'재환전, 적용 환율: 1349.86','002-53087699-209',NULL,NULL,NULL,225),('T',273,'EW',100,0,'2024-10-11 04:38:08.000000',NULL,NULL,NULL,'재환전, 적용 환율: 1349.86','002-53087699-209',NULL,NULL,NULL,226),('T',274,'ED',148.17,148.17,'2024-10-11 04:54:38.000000',NULL,NULL,NULL,'환전, 적용 환율: 1349.86','002-49737058-209',NULL,NULL,NULL,223),('T',274,'EW',200000,830030,'2024-10-11 04:54:38.000000',NULL,NULL,NULL,'환전, 적용 환율: 1349.86','002-49737058-209',NULL,NULL,NULL,222),('C',275,'CW',20,100000658.03,'2024-10-11 05:07:53.870441',1476.73,'9b164069-de06-4471-9cbd-b5adcba54db3',29534.6,NULL,NULL,1,4,12,NULL),('C',276,'CW',15.62,100000642.41,'2024-10-11 05:08:05.898848',1476.73,'273a227e-908f-410a-b85b-350b360f5846',23066.5226,NULL,NULL,1,4,15,NULL),('C',277,'CW',7.82,100000634.59,'2024-10-11 05:08:17.182991',1476.73,'00ae1d81-7b16-4ae8-800c-0844ba814ef0',11548.0286,NULL,NULL,1,4,19,NULL),('C',278,'CW',103900,134696023218,'2024-10-11 05:08:30.938129',1,'edda4454-9a88-44f1-8ffc-76f5908c141c',103900,NULL,NULL,1,1,6,NULL),('C',279,'CW',62900,134695960318,'2024-10-11 05:08:38.554528',1,'74543b19-35d5-4494-97c8-fb6d2472670b',62900,NULL,NULL,1,1,9,NULL),('C',280,'CW',3900,134695956418,'2024-10-11 05:08:51.364367',1,'d40d657f-37d6-45b5-b9e5-8b6c96535220',3900,NULL,NULL,1,1,3,NULL),('C',281,'CW',830490,134695125928,'2024-10-11 05:09:01.457125',1,'b09f8462-4d77-41ef-92c8-6e76f84bf5ae',830490,NULL,NULL,1,1,2,NULL),('C',282,'CW',6400,134695119528,'2024-10-11 05:09:07.535215',1,'791d765f-9b75-476d-b001-5568a9b08279',6400,NULL,NULL,1,1,8,NULL),('C',283,'CW',2900,134695116628,'2024-10-11 05:09:14.218487',1,'91eaacb4-cd39-497d-be5a-e7751c3084a3',2900,NULL,NULL,1,1,6,NULL),('C',284,'CW',299000,134694817628,'2024-10-11 05:09:22.909797',1,'303fcb25-52e0-4e6c-9543-3b6018a66fd5',299000,NULL,NULL,1,1,7,NULL),('T',285,'D',1000000,1767493,'2024-10-11 05:14:47.000000',NULL,NULL,NULL,'테스트 계정용 입금',NULL,NULL,NULL,NULL,221),('T',286,'TD',1200000,2030030,'2024-10-11 05:14:58.000000',NULL,NULL,NULL,'테스트','001-27160711-209',NULL,NULL,NULL,222),('T',286,'TW',1200000,567493,'2024-10-11 05:14:58.000000',NULL,NULL,NULL,'미국 가자','002-49737058-209',NULL,NULL,NULL,221),('T',287,'ED',740.82,888.99,'2024-10-11 05:15:14.000000',NULL,NULL,NULL,'환전, 적용 환율: 1349.86','002-49737058-209',NULL,NULL,NULL,223),('T',287,'EW',1000000,1030030,'2024-10-11 05:15:14.000000',NULL,NULL,NULL,'환전, 적용 환율: 1349.86','002-49737058-209',NULL,NULL,NULL,222),('C',288,'CW',200000,830030,'2024-10-11 05:15:58.679642',1,'9ee0ab57-57c4-45db-9679-0c170a07bdf8',200000,NULL,NULL,12,1,1,NULL),('T',289,'TD',295664,134695113292,'2024-10-11 05:15:58.000000',NULL,NULL,NULL,'이예림','001-28900992-209',NULL,NULL,NULL,11),('T',289,'TW',295664,99456486,'2024-10-11 05:15:58.000000',NULL,NULL,NULL,'베테랑','002-12746689-209',NULL,NULL,NULL,10),('C',290,'CW',105000,725030,'2024-10-11 05:16:14.474940',1,'358f8169-72ba-4f89-ad67-df7d40e4e56b',105000,NULL,NULL,12,1,2,NULL),('C',291,'CW',45000,680030,'2024-10-11 05:16:23.149274',1,'2d30620d-920a-4963-8c22-4362b9221aad',45000,NULL,NULL,12,1,3,NULL),('C',292,'CW',400000,280030,'2024-10-11 05:16:36.186777',1,'5d53a0cb-1098-4c24-acde-4952a43092b6',400000,NULL,NULL,12,1,4,NULL),('C',293,'CW',20000,260030,'2024-10-11 05:16:44.084560',1,'cd11399a-e304-43fc-8006-9500e37b9017',20000,NULL,NULL,12,1,5,NULL),('C',294,'CW',205000,55030,'2024-10-11 05:17:01.663167',1,'4bf5d89c-df2a-4fbe-9af7-e52ec2569148',205000,NULL,NULL,12,1,6,NULL),('C',295,'CW',35,853.99,'2024-10-11 05:17:18.850944',1349.86,'20f7ad2f-061d-4172-8781-bef006227939',47245.1,NULL,NULL,12,2,11,NULL),('C',296,'CW',100,753.99,'2024-10-11 05:17:29.373343',1349.86,'19dd15e4-f1e2-4c60-b41e-49ecc9d3d860',134986,NULL,NULL,12,2,12,NULL),('T',297,'ED',14767300,134709880592,'2024-10-11 05:17:33.000000',NULL,NULL,NULL,'재환전, 적용 환율: 1476.73','002-12746689-209',NULL,NULL,NULL,11),('T',297,'EW',10000,99990634.59,'2024-10-11 05:17:33.000000',NULL,NULL,NULL,'재환전, 적용 환율: 1476.73','002-12746689-209',NULL,NULL,NULL,73),('T',298,'SW',29211900,134680668692,'2024-10-11 05:17:34.000000',NULL,NULL,NULL,'자동 정산 출금',NULL,NULL,NULL,NULL,11),('T',299,'SD',9314400,108770886,'2024-10-11 05:17:34.000000',NULL,NULL,NULL,'[베테랑] 자동 정산 입금',NULL,NULL,NULL,NULL,10),('T',300,'SD',9314400,109290100,'2024-10-11 05:17:35.000000',NULL,NULL,NULL,'[베테랑] 자동 정산 입금',NULL,NULL,NULL,NULL,31),('T',301,'SD',9314400,109164400,'2024-10-11 05:17:35.000000',NULL,NULL,NULL,'[베테랑] 자동 정산 입금',NULL,NULL,NULL,NULL,32),('C',302,'CW',600,153.99,'2024-10-11 05:18:00.623481',1349.86,'1f9fdc42-911e-47cc-b484-91c54b7b43c6',809916,NULL,NULL,12,2,13,NULL),('T',303,'TD',30948,134680699640,'2024-10-11 05:50:31.000000',NULL,NULL,NULL,'이예림','001-28900992-209',NULL,NULL,NULL,11),('T',303,'TW',30948,108739938,'2024-10-11 05:50:31.000000',NULL,NULL,NULL,'베테랑','002-12746689-209',NULL,NULL,NULL,10),('T',304,'ED',7383650,134688083290,'2024-10-11 05:51:07.000000',NULL,NULL,NULL,'재환전, 적용 환율: 1476.73','002-12746689-209',NULL,NULL,NULL,11),('T',304,'EW',5000,99985634.59,'2024-10-11 05:51:07.000000',NULL,NULL,NULL,'재환전, 적용 환율: 1476.73','002-12746689-209',NULL,NULL,NULL,73),('T',305,'SW',17386650,134670696640,'2024-10-11 05:51:08.000000',NULL,NULL,NULL,'자동 정산 출금',NULL,NULL,NULL,NULL,11),('T',306,'SD',4188075,104143075,'2024-10-11 05:51:08.000000',NULL,NULL,NULL,'[베테랑] 자동 정산 입금',NULL,NULL,NULL,NULL,30),('T',307,'SD',4188075,103965177,'2024-10-11 05:51:08.000000',NULL,NULL,NULL,'[베테랑] 자동 정산 입금',NULL,NULL,NULL,NULL,1),('T',308,'SD',4188075,113352475,'2024-10-11 05:51:08.000000',NULL,NULL,NULL,'[베테랑] 자동 정산 입금',NULL,NULL,NULL,NULL,32),('T',309,'SD',4188075,112928013,'2024-10-11 05:51:09.000000',NULL,NULL,NULL,'[베테랑] 자동 정산 입금',NULL,NULL,NULL,NULL,10),('T',310,'D',500000,1000000,'2024-10-11 09:29:21.000000',NULL,NULL,NULL,'테스트 입금',NULL,NULL,NULL,NULL,216);
/*!40000 ALTER TABLE `history` ENABLE KEYS */;
UNLOCK TABLES;

--
-- Table structure for table `merchant`
--

DROP TABLE IF EXISTS `merchant`;
/*!40101 SET @saved_cs_client     = @@character_set_client */;
/*!50503 SET character_set_client = utf8mb4 */;
CREATE TABLE `merchant` (
  `merchant_id` bigint NOT NULL,
  `address` varchar(100) COLLATE utf8mb4_unicode_ci DEFAULT NULL,
  `category` enum('ACCOMODATION','BANK','FOOD','OTHER','SHOPPING','TRANSPORTATION') COLLATE utf8mb4_unicode_ci DEFAULT NULL,
  `lat` varchar(100) COLLATE utf8mb4_unicode_ci DEFAULT NULL,
  `lng` varchar(100) COLLATE utf8mb4_unicode_ci DEFAULT NULL,
  `merchant_name` varchar(100) COLLATE utf8mb4_unicode_ci DEFAULT NULL,
  PRIMARY KEY (`merchant_id`)
) ENGINE=InnoDB DEFAULT CHARSET=utf8mb4 COLLATE=utf8mb4_unicode_ci;
/*!40101 SET character_set_client = @saved_cs_client */;

--
-- Dumping data for table `merchant`
--

LOCK TABLES `merchant` WRITE;
/*!40000 ALTER TABLE `merchant` DISABLE KEYS */;
INSERT INTO `merchant` VALUES (1,'서울특별시 송파구 올림픽로 240','OTHER','37.511022','127.098619','롯데월드'),(2,'서울특별시 용산구 남산공원길 105','OTHER','37.551169','126.988227','N서울타워'),(3,'서울특별시 강남구 강남대로 390','FOOD','37.497952','127.027619','스타벅스 강남대로점'),(4,'서울특별시 중구 동호로 249','ACCOMODATION','37.556302','127.010904','신라호텔 서울'),(5,'서울특별시 종로구 사직로 161','OTHER','37.579617','126.977041','경복궁'),(6,'경기도 하남시 미사대로 750','SHOPPING','37.546251','127.222430','스타필드 하남'),(7,'부산광역시 해운대구','OTHER','35.158698','129.160384','부산 해운대'),(8,'전라북도 전주시 완산구','OTHER','35.815130','127.152196','한옥마을'),(9,'서울특별시 강남구 신사동 123','FOOD','37.518028','127.023505','카페 노티드'),(10,'서울특별시 영등포구 여의도동','OTHER','37.528102','126.932670','여의도 한강공원'),(11,'7009 Sunset Blvd, Los Angeles, CA','FOOD','34.098145','-118.340665','In-N-Out Burger'),(12,'100 Universal City Plaza, Universal City, CA','OTHER','34.138116','-118.353378','Universal City'),(13,'555 Universal Hollywood Dr, Universal City, CA','ACCOMODATION','34.136207','-118.352038','Hilton Los Angeles/Universal City'),(14,'1200 Getty Center Dr, Los Angeles, CA','OTHER','34.078036','-118.474095','The Getty Center'),(15,'200 Santa Monica Pier, Santa Monica, CA','OTHER','34.010264','-118.495101','Santa Monica Pier'),(16,'2800 E Observatory Rd, Los Angeles, CA','OTHER','34.118434','-118.300393','Griffith Observatory'),(17,'1800 Ocean Front Walk, Venice, CA','OTHER','33.985046','-118.469483','Venice Beach'),(18,'Hollywood Blvd, Los Angeles, CA','OTHER','34.101558','-118.326927','Hollywood Walk of Fame'),(19,'221 S Grand Ave, Los Angeles, CA','OTHER','34.054431','-118.250547','The Broad'),(20,'1000 Vin Scully Ave, Los Angeles, CA','OTHER','34.073851','-118.240646','Dodger Stadium');
/*!40000 ALTER TABLE `merchant` ENABLE KEYS */;
UNLOCK TABLES;

--
-- Table structure for table `money_box`
--

DROP TABLE IF EXISTS `money_box`;
/*!40101 SET @saved_cs_client     = @@character_set_client */;
/*!50503 SET character_set_client = utf8mb4 */;
CREATE TABLE `money_box` (
  `money_box_id` bigint NOT NULL AUTO_INCREMENT,
  `balance` double NOT NULL,
  `created_at` datetime(6) DEFAULT NULL,
  `status` varchar(255) COLLATE utf8mb4_unicode_ci DEFAULT NULL,
  `updated_at` datetime(6) DEFAULT NULL,
  `account_id` bigint DEFAULT NULL,
  `currency_id` int DEFAULT NULL,
  PRIMARY KEY (`money_box_id`),
  KEY `FKemormhx7j852vc3gf9bq9dpo2` (`account_id`),
  KEY `FKo8851cvmgho6apjjm45x3ia6q` (`currency_id`),
  CONSTRAINT `FKemormhx7j852vc3gf9bq9dpo2` FOREIGN KEY (`account_id`) REFERENCES `account` (`account_id`),
  CONSTRAINT `FKo8851cvmgho6apjjm45x3ia6q` FOREIGN KEY (`currency_id`) REFERENCES `currency` (`currency_id`)
) ENGINE=InnoDB AUTO_INCREMENT=228 DEFAULT CHARSET=utf8mb4 COLLATE=utf8mb4_unicode_ci;
/*!40101 SET character_set_client = @saved_cs_client */;

--
-- Dumping data for table `money_box`
--

LOCK TABLES `money_box` WRITE;
/*!40000 ALTER TABLE `money_box` DISABLE KEYS */;
INSERT INTO `money_box` VALUES (1,103965177,'2024-10-09 02:00:36.464288','ACTIVE','2024-10-11 05:51:08.922357',1,1),(2,100000000,'2024-10-09 02:13:35.980044','ACTIVE','2024-10-09 02:13:35.980051',2,1),(3,99750000,'2024-10-09 02:13:56.489973','ACTIVE','2024-10-11 00:06:55.873746',3,1),(4,99800000,'2024-10-09 02:21:13.949308','ACTIVE','2024-10-11 02:55:59.649133',4,1),(5,100573493,'2024-10-09 02:21:36.984287','ACTIVE','2024-10-11 01:32:55.083853',5,1),(6,11504650752,'2024-10-09 02:22:01.956877','ACTIVE','2024-10-11 03:32:28.041842',6,1),(7,1034012227,'2024-10-09 02:22:11.671251','ACTIVE','2024-10-11 02:40:08.402822',7,1),(8,100000000,'2024-10-09 02:32:44.531277','ACTIVE','2024-10-09 02:32:44.531282',8,1),(9,91431491.09,'2024-10-09 03:07:07.199325','ACTIVE','2024-10-11 03:32:28.041642',6,2),(10,112928013,'2024-10-09 03:10:21.513785','ACTIVE','2024-10-11 05:51:09.054787',9,1),(11,134670696640,'2024-10-09 03:10:51.646481','ACTIVE','2024-10-11 05:51:08.392032',10,1),(12,0,'2024-10-09 03:11:11.755494','CLOSED','2024-10-10 07:02:58.035254',10,2),(13,1003698548,'2024-10-09 13:34:25.907357','ACTIVE','2024-10-10 15:23:57.118548',11,1),(14,100195000,'2024-10-09 13:58:57.401286','ACTIVE','2024-10-10 15:28:51.378706',12,1),(15,0,'2024-10-09 14:34:31.725933','CLOSED','2024-10-09 17:00:24.427646',7,3),(16,1007660000,'2024-10-09 15:02:05.811533','ACTIVE','2024-10-09 16:39:56.088042',13,1),(17,0,'2024-10-09 15:02:37.937029','CLOSED','2024-10-09 16:39:56.087846',13,3),(18,402948141449,'2024-10-09 15:05:42.016232','ACTIVE','2024-10-11 00:00:54.324932',14,1),(19,0,'2024-10-09 15:05:52.852495','CLOSED','2024-10-09 16:29:13.536271',14,2),(20,85325370,'2024-10-09 15:07:45.660199','ACTIVE','2024-10-10 10:36:36.941306',15,1),(21,100010914.42,'2024-10-09 15:08:03.878320','ACTIVE','2024-10-10 10:36:36.941400',15,2),(22,0,'2024-10-09 16:31:41.663659','CLOSED','2024-10-09 16:32:03.580045',14,2),(23,0,'2024-10-09 16:32:58.784708','CLOSED','2024-10-09 16:33:40.759635',14,2),(24,0,'2024-10-09 16:46:52.562357','CLOSED','2024-10-09 16:47:05.892492',14,2),(25,200008226.21,'2024-10-09 16:48:59.170794','ACTIVE','2024-10-11 00:00:54.324799',14,2),(26,0.74,'2024-10-09 16:52:08.991628','ACTIVE','2024-10-10 15:23:57.118448',11,3),(27,134767074668,'2024-10-09 16:55:26.461258','ACTIVE','2024-10-10 23:44:16.921047',16,1),(28,0,'2024-10-09 16:55:36.459175','CLOSED','2024-10-10 15:22:34.241702',16,2),(29,99970000,'2024-10-09 16:57:47.225498','ACTIVE','2024-10-09 17:04:31.597170',17,1),(30,104143075,'2024-10-09 17:05:39.496927','ACTIVE','2024-10-11 05:51:08.856299',18,1),(31,109290100,'2024-10-09 17:09:18.681390','ACTIVE','2024-10-11 05:17:35.431450',19,1),(32,113352475,'2024-10-09 17:09:28.539842','ACTIVE','2024-10-11 05:51:08.991778',20,1),(33,99850000,'2024-10-09 17:19:43.900419','ACTIVE','2024-10-09 17:19:43.900424',21,1),(34,100000000,'2024-10-09 17:22:03.075122','ACTIVE','2024-10-09 17:22:03.075125',21,2),(35,287305770003,'2024-10-10 00:20:15.174277','ACTIVE','2024-10-10 10:14:31.028579',22,1),(36,416696000000,'2024-10-10 01:20:54.446242','ACTIVE','2024-10-10 07:07:34.233693',23,1),(37,99900000,'2024-10-10 02:34:31.647043','ACTIVE','2024-10-10 13:05:13.967207',24,1),(38,265956261,'2024-10-10 03:46:51.821407','ACTIVE','2024-10-10 22:35:59.579404',25,1),(39,0,'2024-10-10 04:57:44.895981','CLOSED','2024-10-10 06:10:42.285503',23,2),(40,0,'2024-10-10 04:59:07.029138','CLOSED','2024-10-10 05:49:55.857183',22,3),(41,1003790000,'2024-10-10 05:00:14.274274','ACTIVE','2024-10-10 07:09:56.333667',26,1),(42,0,'2024-10-10 05:00:21.588244','CLOSED','2024-10-10 07:09:56.333543',26,3),(43,5181428602,'2024-10-10 05:04:53.153000','ACTIVE','2024-10-10 10:56:24.474614',27,1),(44,0,'2024-10-10 05:04:58.647448','CLOSED','2024-10-10 06:52:02.569849',27,5),(45,0,'2024-10-10 05:50:16.528189','CLOSED','2024-10-10 05:56:51.754303',22,4),(46,0,'2024-10-10 05:57:14.680164','CLOSED','2024-10-10 06:00:59.510270',22,5),(47,0,'2024-10-10 06:03:34.588195','ACTIVE','2024-10-10 10:14:31.028474',22,2),(48,134704000000,'2024-10-10 06:07:08.503369','ACTIVE','2024-10-10 06:55:01.424503',28,1),(49,0,'2024-10-10 06:07:15.789696','CLOSED','2024-10-10 06:55:01.424302',28,2),(50,0,'2024-10-10 06:10:58.778128','CLOSED','2024-10-10 07:04:14.516952',23,2),(51,133.86,'2024-10-10 06:52:23.920916','ACTIVE','2024-10-10 10:56:24.474515',27,3),(52,100000000,'2024-10-10 06:55:17.513787','ACTIVE','2024-10-10 06:55:17.513789',28,5),(53,0,'2024-10-10 07:05:03.038426','CLOSED','2024-10-10 07:07:34.233579',23,4),(54,100000000,'2024-10-10 07:07:52.085805','ACTIVE','2024-10-10 07:07:52.085807',23,5),(55,100000000,'2024-10-10 07:10:38.643850','ACTIVE','2024-10-10 07:10:38.643852',26,4),(56,100000000,'2024-10-10 07:12:59.296916','ACTIVE','2024-10-10 07:12:59.296918',29,1),(57,100000000,'2024-10-10 07:13:24.671633','ACTIVE','2024-10-10 07:13:24.671635',29,4),(58,100000000,'2024-10-10 07:15:45.136588','ACTIVE','2024-10-10 07:15:45.136591',30,1),(59,100000000,'2024-10-10 07:15:50.609154','ACTIVE','2024-10-10 07:15:50.609156',30,4),(60,100000000,'2024-10-10 07:18:21.406232','ACTIVE','2024-10-10 07:18:21.406235',31,1),(61,100000000,'2024-10-10 07:18:27.263509','ACTIVE','2024-10-10 07:18:27.263510',31,3),(62,100000000,'2024-10-10 07:21:01.115357','ACTIVE','2024-10-10 07:21:01.115359',32,1),(63,100000000,'2024-10-10 07:23:27.947041','ACTIVE','2024-10-10 07:23:27.947043',32,3),(64,100000000,'2024-10-10 07:25:31.800191','ACTIVE','2024-10-10 07:25:31.800193',33,1),(65,100000000,'2024-10-10 07:25:37.013641','ACTIVE','2024-10-10 07:25:37.013643',33,4),(66,100000000,'2024-10-10 07:53:45.201095','ACTIVE','2024-10-10 07:53:45.201098',34,1),(67,100000000,'2024-10-10 07:53:53.176270','ACTIVE','2024-10-10 07:53:53.176272',34,4),(68,100000000,'2024-10-10 07:57:03.002599','ACTIVE','2024-10-10 07:57:03.002602',35,1),(69,100000000,'2024-10-10 07:57:09.531266','ACTIVE','2024-10-10 07:57:09.531268',35,3),(70,100520000,'2024-10-10 09:55:23.367662','ACTIVE','2024-10-10 10:03:45.802811',36,1),(71,100000000,'2024-10-10 09:55:52.496110','ACTIVE','2024-10-10 09:55:52.496112',36,2),(72,99876877,'2024-10-10 10:20:34.434634','ACTIVE','2024-10-10 22:35:59.579261',25,2),(73,99985634.59,'2024-10-10 10:40:47.633987','ACTIVE','2024-10-11 05:51:07.797547',10,4),(74,100000000,'2024-10-10 13:17:46.703505','ACTIVE','2024-10-10 13:17:46.703507',37,1),(75,100000000,'2024-10-10 13:17:52.148499','ACTIVE','2024-10-10 13:17:52.148501',37,4),(76,100000000,'2024-10-10 13:21:22.888652','ACTIVE','2024-10-10 13:21:22.888655',38,1),(77,100000000,'2024-10-10 13:21:30.305203','ACTIVE','2024-10-10 13:21:30.305206',38,4),(78,100000000,'2024-10-10 13:24:43.588760','ACTIVE','2024-10-10 13:24:43.588762',39,1),(79,100000000,'2024-10-10 13:24:49.650277','ACTIVE','2024-10-10 13:24:49.650279',40,1),(80,100000000,'2024-10-10 13:24:57.474824','ACTIVE','2024-10-10 13:24:57.474826',40,3),(81,100163780,'2024-10-10 13:29:05.069860','ACTIVE','2024-10-10 14:05:31.595350',41,1),(82,99999889,'2024-10-10 13:29:11.947263','ACTIVE','2024-10-10 14:05:31.595252',41,4),(83,100000000,'2024-10-10 13:30:04.295481','ACTIVE','2024-10-10 13:30:04.295484',42,1),(84,100000000,'2024-10-10 13:30:10.674292','ACTIVE','2024-10-10 13:30:10.674294',42,5),(85,99950000,'2024-10-10 13:32:57.418672','ACTIVE','2024-10-10 13:53:00.545091',43,1),(86,100000000,'2024-10-10 13:38:01.104797','ACTIVE','2024-10-10 13:38:01.104801',44,1),(87,100000000,'2024-10-10 13:38:09.460310','ACTIVE','2024-10-10 13:38:09.460312',44,3),(88,99900000,'2024-10-10 13:40:11.216769','ACTIVE','2024-10-10 13:56:35.646041',45,1),(89,100000000,'2024-10-10 13:42:07.898532','ACTIVE','2024-10-10 13:56:35.645922',45,2),(90,100000000,'2024-10-10 13:51:00.501782','ACTIVE','2024-10-10 13:51:00.501785',46,1),(91,100000000,'2024-10-10 13:51:06.569688','ACTIVE','2024-10-10 13:51:06.569690',46,3),(92,100000000,'2024-10-10 14:01:17.464253','ACTIVE','2024-10-10 14:01:17.464256',47,1),(93,100000000,'2024-10-10 14:01:23.015343','ACTIVE','2024-10-10 14:01:23.015345',47,5),(94,100000000,'2024-10-10 14:05:13.759928','ACTIVE','2024-10-10 14:05:13.759931',48,1),(95,100000000,'2024-10-10 14:05:33.751920','ACTIVE','2024-10-10 14:05:33.751922',48,4),(96,100000000,'2024-10-10 14:08:51.404931','ACTIVE','2024-10-10 14:08:51.404933',49,1),(97,100000000,'2024-10-10 14:08:56.672017','ACTIVE','2024-10-10 14:08:56.672018',49,3),(98,100000000,'2024-10-10 14:09:42.588030','ACTIVE','2024-10-10 14:09:42.588033',50,1),(99,100000000,'2024-10-10 14:09:47.912632','ACTIVE','2024-10-10 14:09:47.912633',50,2),(100,100000000,'2024-10-10 14:12:41.745137','ACTIVE','2024-10-10 14:12:41.745139',51,1),(101,100000000,'2024-10-10 14:12:46.972974','ACTIVE','2024-10-10 14:12:46.972976',51,2),(102,100000000,'2024-10-10 14:13:29.365565','ACTIVE','2024-10-10 14:13:29.365567',52,1),(103,100000000,'2024-10-10 14:13:35.184660','ACTIVE','2024-10-10 14:13:35.184663',52,3),(104,100000000,'2024-10-10 14:14:23.568618','ACTIVE','2024-10-10 14:14:23.568620',53,1),(105,100000000,'2024-10-10 14:14:28.613217','ACTIVE','2024-10-10 14:14:28.613219',53,2),(106,100000000,'2024-10-10 14:15:14.602143','ACTIVE','2024-10-10 14:15:14.602146',54,1),(107,100000000,'2024-10-10 14:15:19.577510','ACTIVE','2024-10-10 14:15:19.577512',54,4),(108,100000000,'2024-10-10 14:27:31.507266','ACTIVE','2024-10-10 14:27:31.507269',55,1),(109,100000000,'2024-10-10 14:27:36.537274','ACTIVE','2024-10-10 14:27:36.537276',55,2),(110,100000000,'2024-10-10 14:29:14.866734','ACTIVE','2024-10-10 14:29:14.866736',56,1),(111,100000000,'2024-10-10 14:29:23.972837','ACTIVE','2024-10-10 14:29:23.972839',56,2),(112,100000000,'2024-10-10 14:32:22.774465','ACTIVE','2024-10-10 14:32:22.774467',57,1),(113,100000000,'2024-10-10 14:39:26.428753','ACTIVE','2024-10-10 14:39:26.428755',58,1),(114,100000000,'2024-10-10 14:39:32.332280','ACTIVE','2024-10-10 14:39:32.332283',58,3),(115,100000000,'2024-10-10 14:42:36.080846','ACTIVE','2024-10-10 14:42:36.080849',59,1),(116,100000000,'2024-10-10 14:42:41.160163','ACTIVE','2024-10-10 14:42:41.160164',59,3),(117,100000000,'2024-10-10 14:55:02.231641','ACTIVE','2024-10-10 14:55:02.231644',60,1),(118,100000000,'2024-10-10 14:55:09.286478','ACTIVE','2024-10-10 14:55:09.286480',60,4),(119,100000000,'2024-10-10 14:56:23.379164','ACTIVE','2024-10-10 14:56:23.379166',61,1),(120,100000000,'2024-10-10 14:56:35.710306','ACTIVE','2024-10-10 14:56:35.710309',61,3),(121,100000000,'2024-10-10 14:57:25.388961','ACTIVE','2024-10-10 14:57:25.388963',62,1),(122,100000000,'2024-10-10 14:57:42.142041','ACTIVE','2024-10-10 14:57:42.142044',62,4),(123,100000000,'2024-10-10 14:58:59.019776','ACTIVE','2024-10-10 14:58:59.019778',63,1),(124,100000000,'2024-10-10 14:59:06.021146','ACTIVE','2024-10-10 14:59:06.021148',63,4),(125,99970000,'2024-10-10 15:01:09.036827','ACTIVE','2024-10-10 17:00:30.767722',64,1),(126,100003319,'2024-10-10 15:01:15.138214','ACTIVE','2024-10-10 17:00:30.767796',64,3),(127,100000000,'2024-10-10 15:02:29.422977','ACTIVE','2024-10-10 15:02:29.422979',65,1),(128,100000000,'2024-10-10 15:02:35.125553','ACTIVE','2024-10-10 15:02:35.125555',65,3),(129,100000000,'2024-10-10 15:03:19.081558','ACTIVE','2024-10-10 15:03:19.081561',66,1),(130,100000000,'2024-10-10 15:03:24.083045','ACTIVE','2024-10-10 15:03:24.083047',66,3),(131,99979765,'2024-10-10 15:24:07.170365','ACTIVE','2024-10-10 23:54:47.903679',7,2),(132,100200000,'2024-10-10 15:26:41.942628','ACTIVE','2024-10-10 15:28:51.378794',67,1),(133,100000000,'2024-10-10 15:27:03.572531','ACTIVE','2024-10-10 15:27:03.572534',67,2),(134,449703,'2024-10-10 15:28:07.238030','ACTIVE','2024-10-11 00:53:20.515831',68,1),(135,100000000,'2024-10-10 15:38:03.361627','ACTIVE','2024-10-10 15:38:03.361629',69,1),(136,100000000,'2024-10-10 15:39:58.197109','ACTIVE','2024-10-10 15:39:58.197111',69,2),(137,100000185.31,'2024-10-10 15:59:54.483015','ACTIVE','2024-10-11 00:06:55.873887',3,2),(138,101254301,'2024-10-10 16:00:30.109310','ACTIVE','2024-10-11 00:54:04.150330',70,1),(139,198892000,'2024-10-10 16:01:06.930950','ACTIVE','2024-10-11 03:09:06.549541',71,1),(140,99978217.39,'2024-10-10 16:01:16.522445','ACTIVE','2024-10-11 03:09:06.549712',71,2),(141,100000000,'2024-10-10 16:05:55.471534','ACTIVE','2024-10-10 16:05:55.471537',72,1),(142,100000000,'2024-10-10 16:19:04.658796','ACTIVE','2024-10-10 16:19:04.658798',73,1),(143,100000000,'2024-10-10 16:21:33.346196','ACTIVE','2024-10-10 16:21:33.346199',74,1),(144,100000000,'2024-10-10 16:21:40.649224','ACTIVE','2024-10-10 16:21:40.649226',74,5),(145,100000000,'2024-10-10 16:34:35.150647','ACTIVE','2024-10-10 16:34:35.150649',75,1),(146,100000000,'2024-10-10 16:34:41.741405','ACTIVE','2024-10-10 16:34:41.741407',75,3),(147,99940000,'2024-10-10 16:37:50.193194','ACTIVE','2024-10-10 17:00:31.103074',76,1),(148,100006638,'2024-10-10 16:37:55.059327','ACTIVE','2024-10-10 17:00:31.103152',76,3),(149,99970000,'2024-10-10 16:44:13.277786','ACTIVE','2024-10-10 17:00:31.345567',77,1),(150,100003319,'2024-10-10 16:44:18.102971','ACTIVE','2024-10-10 17:00:31.345653',77,3),(151,100000000,'2024-10-10 16:54:54.440654','ACTIVE','2024-10-10 23:44:16.921202',16,2),(152,100000000,'2024-10-10 17:40:09.434031','ACTIVE','2024-10-10 17:40:09.434034',78,1),(153,100000000,'2024-10-10 17:40:25.099756','ACTIVE','2024-10-10 17:40:25.099758',78,3),(154,100000000,'2024-10-10 17:49:55.004005','ACTIVE','2024-10-10 17:49:55.004008',79,1),(155,100000000,'2024-10-10 17:52:50.047798','ACTIVE','2024-10-10 17:52:50.047800',80,1),(156,100000000,'2024-10-10 17:53:51.134962','ACTIVE','2024-10-10 17:53:51.134964',80,2),(157,100000000,'2024-10-10 20:15:49.272457','ACTIVE','2024-10-10 20:15:49.272459',81,1),(158,100000000,'2024-10-10 20:15:54.853608','ACTIVE','2024-10-10 20:15:54.853610',81,3),(159,100000000,'2024-10-10 20:23:52.578850','ACTIVE','2024-10-10 20:23:52.578852',82,1),(160,100000000,'2024-10-10 20:24:00.974203','ACTIVE','2024-10-10 20:24:00.974205',82,3),(161,100000000,'2024-10-10 20:58:57.895227','ACTIVE','2024-10-10 20:58:57.895230',83,1),(162,100000000,'2024-10-10 20:59:09.771315','ACTIVE','2024-10-10 20:59:09.771316',83,2),(163,100000000,'2024-10-10 21:55:56.637023','ACTIVE','2024-10-10 21:55:56.637062',84,1),(164,100000000,'2024-10-10 21:56:01.556556','ACTIVE','2024-10-10 21:56:01.556558',84,3),(165,100000000,'2024-10-10 22:27:40.340732','ACTIVE','2024-10-10 22:27:40.340734',85,1),(166,100000000,'2024-10-10 22:27:45.695897','ACTIVE','2024-10-10 22:27:45.695899',85,4),(167,100000000,'2024-10-10 22:31:56.326507','ACTIVE','2024-10-10 22:31:56.326509',86,1),(168,100000000,'2024-10-10 22:32:07.778497','ACTIVE','2024-10-10 22:32:07.778498',86,2),(169,100000000,'2024-10-10 22:46:39.548259','ACTIVE','2024-10-10 22:46:39.548260',87,1),(170,100000000,'2024-10-10 22:46:49.897410','ACTIVE','2024-10-10 22:46:49.897411',87,3),(171,100000000,'2024-10-10 22:54:30.277679','ACTIVE','2024-10-10 22:54:30.277680',88,1),(172,100000000,'2024-10-10 23:01:27.220981','ACTIVE','2024-10-10 23:01:27.220983',89,1),(173,100000000,'2024-10-10 23:02:27.211958','ACTIVE','2024-10-10 23:02:27.211960',90,1),(174,100000000,'2024-10-10 23:02:34.646671','ACTIVE','2024-10-10 23:02:34.646672',90,2),(175,100000000,'2024-10-10 23:08:52.944909','ACTIVE','2024-10-10 23:08:52.944911',91,1),(176,100000000,'2024-10-10 23:09:08.398099','ACTIVE','2024-10-10 23:09:08.398100',91,3),(177,100000000,'2024-10-10 23:51:43.343944','ACTIVE','2024-10-10 23:51:43.343946',92,1),(178,100000000,'2024-10-10 23:51:50.587808','ACTIVE','2024-10-10 23:51:50.587810',92,2),(179,100000000,'2024-10-11 00:02:30.103255','ACTIVE','2024-10-11 00:02:30.103257',93,1),(180,100000000,'2024-10-11 00:02:46.494189','ACTIVE','2024-10-11 00:02:46.494190',93,2),(181,100000000,'2024-10-11 00:04:51.285421','ACTIVE','2024-10-11 00:04:51.285423',94,1),(182,100000000,'2024-10-11 00:04:57.178410','ACTIVE','2024-10-11 00:04:57.178412',94,2),(183,100000000,'2024-10-11 00:16:27.959012','ACTIVE','2024-10-11 00:16:27.959015',95,1),(184,100000000,'2024-10-11 00:18:16.053234','ACTIVE','2024-10-11 00:18:16.053237',96,1),(185,100000000,'2024-10-11 00:51:33.770436','ACTIVE','2024-10-11 00:51:33.770440',95,2),(186,100000000,'2024-10-11 01:03:41.158068','ACTIVE','2024-10-11 01:03:41.158073',97,1),(187,0,'2024-10-11 01:06:35.486808','ACTIVE','2024-10-11 01:06:35.486824',97,2),(188,350000,'2024-10-11 01:12:17.804751','ACTIVE','2024-10-11 01:15:36.153343',98,1),(189,15050,'2024-10-11 01:13:07.160131','ACTIVE','2024-10-11 01:15:48.873666',99,1),(190,100,'2024-10-11 01:13:15.993715','ACTIVE','2024-10-11 01:15:48.873899',99,2),(191,0,'2024-10-11 01:23:41.974098','ACTIVE','2024-10-11 01:23:41.974101',8,2),(192,0,'2024-10-11 01:33:40.021919','ACTIVE','2024-10-11 01:33:40.021923',100,1),(193,0,'2024-10-11 01:37:36.040236','ACTIVE','2024-10-11 01:37:36.040241',101,1),(194,0,'2024-10-11 02:29:19.761143','CLOSED','2024-10-11 02:29:19.761146',13,2),(195,0,'2024-10-11 02:43:12.561875','ACTIVE','2024-10-11 02:43:12.561878',102,1),(196,0,'2024-10-11 02:43:55.595823','ACTIVE','2024-10-11 02:43:55.595825',103,1),(197,0,'2024-10-11 02:45:31.980640','ACTIVE','2024-10-11 02:45:31.980642',104,1),(198,0,'2024-10-11 02:45:43.663673','ACTIVE','2024-10-11 02:45:43.663675',104,2),(199,0,'2024-10-11 02:50:15.126363','ACTIVE','2024-10-11 02:50:15.126365',103,2),(200,0,'2024-10-11 02:50:56.674298','ACTIVE','2024-10-11 02:50:56.674300',102,5),(201,0,'2024-10-11 02:52:14.622043','ACTIVE','2024-10-11 02:52:14.622045',105,1),(202,0,'2024-10-11 02:52:20.570860','ACTIVE','2024-10-11 02:52:20.570863',105,4),(203,0,'2024-10-11 03:06:05.698978','ACTIVE','2024-10-11 03:06:05.698983',106,1),(204,0,'2024-10-11 03:06:28.548572','ACTIVE','2024-10-11 03:06:28.548575',106,4),(205,1000000,'2024-10-11 03:08:31.903950','ACTIVE','2024-10-11 03:08:31.903957',107,1),(206,0,'2024-10-11 03:09:40.401205','ACTIVE','2024-10-11 03:09:40.401211',108,1),(207,0,'2024-10-11 03:09:51.524350','ACTIVE','2024-10-11 03:09:51.524352',108,2),(208,0,'2024-10-11 03:09:57.703809','ACTIVE','2024-10-11 03:09:57.703814',109,1),(209,0,'2024-10-11 03:10:23.796327','ACTIVE','2024-10-11 03:10:23.796330',109,2),(210,0,'2024-10-11 03:11:55.449111','ACTIVE','2024-10-11 03:11:55.449113',110,1),(211,0,'2024-10-11 03:43:50.549490','ACTIVE','2024-10-11 03:43:50.549493',111,1),(212,0,'2024-10-11 03:43:57.748148','ACTIVE','2024-10-11 03:43:57.748149',111,2),(213,493250,'2024-10-11 04:00:23.288743','ACTIVE','2024-10-11 04:18:19.800490',112,1),(214,500000,'2024-10-11 04:00:38.972974','ACTIVE','2024-10-11 04:07:22.151276',113,1),(215,560744,'2024-10-11 04:01:09.929316','ACTIVE','2024-10-11 04:35:50.393394',114,1),(216,1000000,'2024-10-11 04:01:39.397410','ACTIVE','2024-10-11 09:29:22.036728',115,1),(217,43109,'2024-10-11 04:02:32.541723','ACTIVE','2024-10-11 04:18:19.800637',116,1),(218,363,'2024-10-11 04:05:58.151324','ACTIVE','2024-10-11 04:08:08.777416',116,2),(219,567493,'2024-10-11 04:22:47.377505','ACTIVE','2024-10-11 04:35:50.667853',117,1),(220,567493,'2024-10-11 04:24:41.070458','ACTIVE','2024-10-11 04:35:50.459336',118,1),(221,567493,'2024-10-11 04:27:02.158095','ACTIVE','2024-10-11 05:14:58.485737',119,1),(222,55030,'2024-10-11 04:28:24.561326','ACTIVE','2024-10-11 05:15:14.136512',120,1),(223,153.99,'2024-10-11 04:30:16.928626','ACTIVE','2024-10-11 05:15:14.136648',120,2),(224,500000,'2024-10-11 04:31:59.412004','ACTIVE','2024-10-11 04:36:27.379274',121,1),(225,500006,'2024-10-11 04:33:18.146039','ACTIVE','2024-10-11 04:38:08.424455',122,1),(226,0,'2024-10-11 04:34:20.829251','ACTIVE','2024-10-11 04:38:08.424316',122,2),(227,1000000,'2024-10-11 04:53:55.059182','ACTIVE','2024-10-11 04:53:55.059183',123,1);
/*!40000 ALTER TABLE `money_box` ENABLE KEYS */;
UNLOCK TABLES;

--
-- Table structure for table `user`
--

DROP TABLE IF EXISTS `user`;
/*!40101 SET @saved_cs_client     = @@character_set_client */;
/*!50503 SET character_set_client = utf8mb4 */;
CREATE TABLE `user` (
  `user_id` bigint NOT NULL AUTO_INCREMENT,
  `create_at` datetime(6) DEFAULT NULL,
  `credential_id` varchar(255) COLLATE utf8mb4_unicode_ci NOT NULL,
  `exit_at` datetime(6) DEFAULT NULL,
  `is_exit` bit(1) DEFAULT NULL,
  `name` varchar(255) COLLATE utf8mb4_unicode_ci DEFAULT NULL,
  `role` enum('ADMIN','USER') COLLATE utf8mb4_unicode_ci DEFAULT NULL,
  `update_at` datetime(6) DEFAULT NULL,
  PRIMARY KEY (`user_id`)
) ENGINE=InnoDB AUTO_INCREMENT=35 DEFAULT CHARSET=utf8mb4 COLLATE=utf8mb4_unicode_ci;
/*!40101 SET character_set_client = @saved_cs_client */;

--
-- Dumping data for table `user`
--

LOCK TABLES `user` WRITE;
/*!40000 ALTER TABLE `user` DISABLE KEYS */;
INSERT INTO `user` VALUES (1,NULL,'heo_dongwon@naver.com',NULL,NULL,NULL,'ADMIN',NULL),(2,NULL,'2pearl522@gmail.com',NULL,NULL,NULL,'ADMIN',NULL),(3,NULL,'lsh@gmail.com',NULL,NULL,NULL,'ADMIN',NULL),(4,'2024-10-09 01:58:06.801992','test11209',NULL,_binary '\0','박민규','USER','2024-10-09 01:58:06.802009'),(5,'2024-10-09 01:58:46.685822','yelim1215',NULL,_binary '\0','이예림','USER','2024-10-09 01:58:46.685835'),(6,'2024-10-09 02:00:14.513528','a',NULL,_binary '\0','이성현','USER','2024-10-09 02:00:14.513537'),(7,'2024-10-09 02:20:26.722364','ginana',NULL,_binary '\0','김지나','USER','2024-10-09 02:20:26.722368'),(8,'2024-10-09 03:05:32.070539','do123',NULL,_binary '\0','도경수','USER','2024-10-09 03:05:32.070546'),(9,'2024-10-09 16:57:27.036891','b',NULL,_binary '\0','b','USER','2024-10-09 16:57:27.036896'),(10,'2024-10-09 17:04:03.623561','hdw123',NULL,_binary '\0','갤갤아','USER','2024-10-09 17:04:03.623563'),(11,'2024-10-09 17:08:20.455663','hyeriri',NULL,_binary '\0','한혜리','USER','2024-10-09 17:08:20.455666'),(12,'2024-10-09 17:08:28.923673','haein0401',NULL,_binary '\0','정해인','USER','2024-10-09 17:08:28.923676'),(13,'2024-10-09 17:09:27.160739','hello209',NULL,_binary '\0','강강강','USER','2024-10-09 17:09:27.160741'),(14,'2024-10-10 01:12:15.773192','test112091',NULL,_binary '\0','이재용','USER','2024-10-10 01:12:15.773193'),(15,'2024-10-10 13:03:51.217446','test',NULL,_binary '\0','테스트','USER','2024-10-10 13:03:51.217448'),(16,'2024-10-10 13:20:30.667246','kimssafy',NULL,_binary '\0','김수정','USER','2024-10-10 13:20:30.667248'),(17,'2024-10-10 15:20:05.916692','we8865',NULL,_binary '\0','허동원','USER','2024-10-10 15:20:05.916694'),(18,'2024-10-10 15:27:34.788712','where',NULL,_binary '\0','어디야','USER','2024-10-10 15:27:34.788713'),(19,'2024-10-10 15:59:39.397013','yang',NULL,_binary '\0','양세종','USER','2024-10-10 15:59:39.397016'),(20,'2024-10-10 16:03:08.780950','aaaaaa',NULL,_binary '\0','배고파','USER','2024-10-10 16:03:08.780952'),(21,'2024-10-10 17:48:03.825103','abc123',NULL,_binary '\0','허동원','USER','2024-10-10 17:48:03.825106'),(22,'2024-10-10 23:00:29.198784','2pearl',NULL,_binary '\0','이진주','USER','2024-10-10 23:00:29.198785'),(23,'2024-10-11 01:10:02.843998','yejinjin',NULL,_binary '\0','이예림','USER','2024-10-11 01:10:02.844003'),(24,'2024-10-11 03:07:47.091479','bbb',NULL,_binary '\0','bbb','USER','2024-10-11 03:07:47.091482'),(25,'2024-10-11 03:59:16.784602','22pearl',NULL,_binary '\0','이진주','USER','2024-10-11 03:59:16.784604'),(26,'2024-10-11 03:59:54.767635','hdw777',NULL,_binary '\0','허동원','USER','2024-10-11 03:59:54.767636'),(27,'2024-10-11 04:00:17.200111','qoridhc',NULL,_binary '\0','이성현','USER','2024-10-11 04:00:17.200112'),(28,'2024-10-11 04:00:35.830282','yejini',NULL,_binary '\0','이예림','USER','2024-10-11 04:00:35.830284'),(29,'2024-10-11 04:22:11.876226','test123',NULL,_binary '\0','이성현','USER','2024-10-11 04:22:11.876228'),(30,'2024-10-11 04:23:39.893821','qwerty',NULL,_binary '\0','허동원','USER','2024-10-11 04:23:39.893823'),(31,'2024-10-11 04:23:48.961483','testtest',NULL,_binary '\0','테스트','USER','2024-10-11 04:23:48.961485'),(32,'2024-10-11 04:28:33.118005','ssafy',NULL,_binary '\0','김싸피','USER','2024-10-11 04:28:33.118006'),(33,'2024-10-11 04:53:17.440245','tjdgus',NULL,_binary '\0','이성현','USER','2024-10-11 04:53:17.440246'),(34,'2024-10-11 10:01:44.906201','tig04162',NULL,_binary '\0','에드워드리','USER','2024-10-11 10:01:44.906202');
/*!40000 ALTER TABLE `user` ENABLE KEYS */;
UNLOCK TABLES;
/*!40103 SET TIME_ZONE=@OLD_TIME_ZONE */;

/*!40101 SET SQL_MODE=@OLD_SQL_MODE */;
/*!40014 SET FOREIGN_KEY_CHECKS=@OLD_FOREIGN_KEY_CHECKS */;
/*!40014 SET UNIQUE_CHECKS=@OLD_UNIQUE_CHECKS */;
/*!40101 SET CHARACTER_SET_CLIENT=@OLD_CHARACTER_SET_CLIENT */;
/*!40101 SET CHARACTER_SET_RESULTS=@OLD_CHARACTER_SET_RESULTS */;
/*!40101 SET COLLATION_CONNECTION=@OLD_COLLATION_CONNECTION */;
/*!40111 SET SQL_NOTES=@OLD_SQL_NOTES */;

-- Dump completed on 2024-10-11 10:45:33
